experiment,condition,hour,field,organelle,cell_idx,scanned-0,scanned-1,scanned-2,scanned-3,scanned-4,scanned-5,scanned-6,scanned-7,scanned-8,scanned-9,scanned-10,scanned-11,scanned-12,scanned-13,scanned-14,scanned-15,scanned-16,scanned-17,scanned-18,scanned-19,scanned-20,scanned-21,scanned-22,scanned-23,scanned-24,scanned-25,scanned-26,scanned-27,scanned-28,scanned-29,scanned-30,scanned-31,scanned-32,scanned-33,scanned-34,scanned-35,scanned-36,scanned-37,scanned-38,scanned-39,scanned-40,scanned-41,scanned-42,scanned-43,scanned-44,scanned-45,scanned-46,scanned-47,scanned-48,scanned-49,scanned-50,scanned-51,scanned-52,scanned-53,scanned-54,scanned-55,scanned-56,scanned-57,scanned-58,scanned-59,scanned-60,scanned-61,scanned-62,scanned-63,scanned-64,scanned-65,scanned-66,scanned-67,scanned-68,scanned-69,scanned-70,scanned-71,scanned-72,scanned-73,scanned-74,scanned-75,scanned-76,scanned-77,scanned-78,scanned-79,scanned-80,scanned-81,scanned-82,scanned-83,scanned-84,scanned-85,scanned-86,scanned-87,scanned-88,scanned-89,scanned-90,scanned-91,scanned-92,scanned-93,scanned-94,scanned-95,scanned-96,scanned-97,scanned-98,scanned-99,scanned-100
rpmc,1000,3,2,peroxisome,3,13848,569,15,13,24,10,14,1,1,3,0,3,7,11,5,8,6,5,10,13,6,10,0,3,1,3,1,0,0,0,0,0,2,2,1,0,2,1,1,0,1,0,3,2,5,0,0,3,0,4,0,3,1,4,4,3,1,5,3,1,6,1,7,3,6,4,8,2,4,2,3,2,0,1,3,4,1,2,2,2,0,2,3,5,4,2,0,6,4,2,7,2,5,3,3,1,2,6,1,0,0
rpmc,1000,3,2,peroxisome,4,4214,441,16,16,22,4,3,2,0,2,5,2,2,5,3,3,4,3,4,2,2,5,2,0,1,2,0,0,0,0,0,0,0,1,0,0,0,2,0,1,2,0,1,2,0,2,3,4,2,2,1,5,2,3,3,2,1,5,0,2,3,2,1,1,3,0,0,0,2,0,3,1,3,2,2,1,3,2,1,0,3,2,2,4,3,3,4,1,1,4,2,4,0,1,0,1,2,5,0,0,1
rpmc,1000,3,2,peroxisome,6,11868,311,23,35,14,7,13,11,7,9,4,9,24,7,10,13,16,2,4,6,4,1,0,1,1,1,2,1,1,0,1,0,3,2,0,1,0,1,0,1,0,1,1,1,2,0,3,1,0,5,4,1,2,4,3,4,1,0,5,2,3,4,0,0,2,2,4,3,1,1,0,6,6,4,2,1,0,6,3,0,1,3,2,0,4,0,1,6,6,3,0,3,4,6,6,7,1,0,3,12,84
rpmc,1000,3,2,peroxisome,7,5179,96,3,3,3,0,4,0,0,0,0,1,0,1,0,1,1,2,0,0,0,0,0,1,0,0,0,0,0,0,0,0,0,0,0,0,0,0,0,0,0,0,1,0,0,0,1,1,0,0,0,0,0,4,2,2,1,1,0,4,1,0,0,1,0,1,2,1,1,0,2,0,0,0,1,0,1,0,1,1,0,0,0,0,0,0,0,0,1,0,0,1,1,0,0,0,0,0,0,0,0
rpmc,1000,3,2,peroxisome,8,8102,113,3,6,1,0,4,0,0,3,0,0,13,10,4,4,2,0,0,4,2,2,0,1,0,0,0,0,0,0,0,0,1,0,1,0,0,1,0,0,1,0,0,1,0,2,0,1,0,4,1,1,0,1,3,0,0,0,0,0,1,0,1,0,2,1,0,1,1,1,1,1,3,0,2,0,0,0,1,3,3,1,2,1,0,0,1,0,0,1,0,1,3,0,1,0,0,0,0,0,0
rpmc,1000,3,2,peroxisome,9,5961,148,11,5,5,0,5,7,2,1,2,2,8,6,0,0,2,3,2,0,0,0,1,0,0,0,1,0,1,0,0,0,1,1,0,0,0,0,0,0,0,1,0,0,0,0,0,0,1,0,1,2,0,1,1,0,1,1,0,4,1,1,1,0,1,2,1,1,0,0,2,1,2,1,0,0,0,4,1,0,0,0,1,0,0,0,0,1,0,0,2,3,0,0,2,2,0,2,0,2,31
rpmc,1000,3,2,peroxisome,10,10413,550,12,23,25,10,12,3,0,1,3,0,1,7,3,6,9,2,10,6,3,8,1,5,2,3,0,0,0,1,0,0,0,1,1,0,1,3,0,3,4,1,1,0,0,0,2,0,2,4,4,1,1,0,7,0,5,1,5,5,4,2,4,3,8,3,6,7,11,2,8,0,9,1,3,3,2,3,5,3,2,2,3,5,3,5,3,4,4,4,5,5,6,1,2,2,4,3,0,1,0
rpmc,1000,3,2,peroxisome,11,11624,1006,75,47,35,25,19,19,9,7,4,9,15,18,5,4,10,9,6,4,7,4,6,5,5,1,3,6,1,1,1,2,2,2,2,3,1,0,0,0,0,1,2,3,0,4,1,2,1,4,1,4,1,2,6,7,1,3,5,2,4,3,4,1,8,1,3,4,6,4,3,5,7,2,2,3,10,3,5,1,2,3,2,3,1,6,5,10,2,6,5,7,11,10,6,8,3,3,2,16,115
rpmc,1000,3,2,peroxisome,12,13472,738,37,28,34,11,18,4,3,3,1,2,14,10,7,4,11,7,22,11,3,21,1,3,0,0,0,1,2,1,1,2,3,0,3,0,0,1,0,1,2,0,1,1,0,0,5,2,4,3,2,2,3,3,9,3,5,2,3,1,1,7,3,2,10,3,5,2,7,4,11,5,13,1,6,3,4,2,4,2,3,6,9,7,7,2,4,6,1,6,10,10,7,11,11,2,6,5,4,5,15
rpmc,1000,3,2,peroxisome,13,11159,286,28,8,3,2,5,0,0,0,1,3,8,16,6,5,4,2,1,1,0,0,0,2,0,0,1,0,0,1,0,2,2,1,0,0,0,2,2,1,1,0,2,2,1,1,4,5,4,3,4,2,1,4,3,3,1,2,3,2,0,0,4,3,0,1,1,1,3,0,1,0,1,1,0,1,1,2,0,2,1,2,1,2,0,0,2,1,1,4,3,2,1,1,0,1,0,0,0,6,5
rpmc,1000,3,2,peroxisome,14,8780,397,35,11,10,9,6,1,2,0,2,2,2,14,2,1,5,1,3,1,0,1,0,3,0,1,0,0,0,0,0,2,0,1,3,0,0,0,3,1,2,1,2,1,0,5,4,2,4,2,1,5,2,4,3,1,1,3,1,1,1,1,2,2,1,1,0,3,0,2,4,4,2,0,2,3,1,1,2,0,2,2,6,2,3,2,6,2,5,1,0,0,1,2,1,0,5,6,3,3,7
rpmc,1000,3,2,peroxisome,15,3928,340,19,14,8,6,4,1,0,1,0,1,0,0,3,0,2,1,2,1,2,5,3,0,1,0,1,0,1,1,0,0,1,0,2,0,2,0,2,1,4,1,2,2,2,7,2,3,4,6,1,2,5,2,3,3,1,2,2,2,2,0,0,3,0,1,0,2,0,2,2,2,0,0,1,0,0,2,0,0,1,0,1,1,3,1,3,4,5,2,2,3,3,4,4,1,2,2,0,4,5
rpmc,1000,3,2,peroxisome,16,12742,734,47,43,39,23,17,3,1,2,1,2,4,9,6,8,8,6,13,5,10,5,5,2,3,4,2,0,2,2,0,1,1,1,1,2,0,4,0,1,4,1,1,2,6,1,7,4,5,5,4,2,10,2,9,2,8,4,7,6,3,8,7,11,7,6,7,8,4,1,10,2,5,7,5,1,2,2,4,8,5,3,0,2,2,2,3,8,4,6,4,10,8,2,5,4,6,5,1,8,15
rpmc,1000,3,2,peroxisome,17,8874,0,0,0,0,0,0,0,0,0,0,0,2,1,2,0,0,0,0,0,0,0,0,0,0,0,0,0,0,0,0,0,1,0,0,0,0,0,0,0,0,0,0,0,0,0,0,0,0,0,0,0,0,0,0,0,0,0,0,0,0,0,0,0,0,0,0,0,0,0,0,0,0,0,0,0,0,0,0,0,0,0,0,0,0,0,0,0,0,0,0,0,0,0,0,0,0,0,0,0,0
rpmc,1000,3,2,peroxisome,18,8721,374,38,14,13,14,12,6,5,5,0,1,3,3,2,2,4,0,8,3,2,5,0,2,2,0,1,1,1,0,0,0,2,0,2,2,0,1,1,1,3,2,2,4,2,2,3,2,4,3,3,0,4,3,4,5,3,1,2,1,1,2,1,2,1,2,2,2,3,0,0,1,5,2,1,1,1,3,0,1,1,0,0,3,4,3,1,4,2,5,4,2,2,4,3,5,2,2,2,4,47
rpmc,1000,3,2,peroxisome,19,8777,435,15,13,13,6,5,3,0,0,1,0,1,8,3,4,7,1,3,2,5,1,1,1,2,0,0,0,0,1,0,1,0,0,1,0,0,0,0,1,2,1,2,0,2,0,4,4,1,6,3,3,2,0,1,1,1,3,4,4,5,4,4,5,0,3,0,1,2,2,2,2,1,3,3,0,0,2,0,1,1,1,0,0,0,0,0,4,2,4,1,1,2,2,1,2,1,0,1,4,13
rpmc,1000,3,2,peroxisome,20,5463,193,10,14,5,2,2,0,1,1,0,0,0,0,1,0,1,1,2,0,2,3,1,0,0,2,0,0,1,0,0,0,0,0,0,0,1,0,2,2,0,0,3,2,2,2,2,2,0,2,1,0,3,1,1,3,2,2,2,0,2,0,0,2,1,1,1,1,0,0,0,0,0,0,0,0,1,2,0,0,0,0,0,1,2,0,2,3,0,0,2,2,2,3,3,0,0,0,0,0,1
rpmc,1000,3,2,peroxisome,21,9505,304,15,9,14,1,3,0,1,2,1,3,2,9,1,2,4,2,6,3,2,4,0,1,0,0,0,1,0,0,0,0,0,1,0,0,0,2,2,0,3,0,1,1,0,1,0,2,1,0,0,1,2,3,1,1,2,1,2,1,2,1,1,0,2,3,0,1,3,1,3,1,2,1,1,3,0,0,2,2,1,1,3,1,2,4,0,1,0,1,3,3,3,1,2,4,1,5,2,0,0
rpmc,1000,3,2,peroxisome,22,15052,725,40,39,27,14,7,3,4,4,7,5,7,11,7,3,6,4,4,0,5,7,1,1,4,1,3,5,0,1,2,2,6,5,4,2,3,1,0,1,1,0,1,1,4,1,1,3,1,3,7,2,3,2,4,7,0,2,1,1,2,2,3,1,4,7,7,1,3,2,3,1,5,3,1,4,1,3,1,5,4,3,3,4,5,2,2,6,6,2,4,3,7,7,4,5,6,2,8,4,66
rpmc,1000,3,2,peroxisome,23,10874,234,1,6,15,2,2,3,0,1,1,0,18,23,4,7,6,7,6,3,1,4,0,4,1,0,0,0,0,0,0,0,1,0,0,0,2,0,0,1,0,0,1,0,0,0,1,1,1,0,1,0,1,3,2,1,2,4,0,0,0,2,1,2,4,4,3,1,3,4,1,1,3,1,1,0,1,2,7,8,6,3,1,2,3,2,0,2,1,1,0,2,2,0,0,1,1,1,0,0,0
rpmc,1000,3,2,peroxisome,24,15259,525,24,31,18,5,7,3,3,1,2,1,6,8,6,7,5,9,5,4,4,7,2,0,1,0,1,1,2,0,1,1,2,1,0,1,0,2,0,2,0,1,1,2,1,4,3,0,3,1,4,3,4,6,1,3,3,2,2,6,1,1,5,2,5,1,2,7,5,5,3,1,4,9,4,2,3,1,4,0,3,4,3,2,8,5,2,4,2,4,2,2,9,5,2,3,7,4,17,7,2
rpmc,1000,3,2,peroxisome,25,11014,154,6,5,11,4,4,1,0,0,0,0,5,4,1,0,7,4,7,1,2,0,0,0,1,0,0,0,0,1,0,0,0,1,0,1,1,1,0,1,1,0,0,0,0,0,0,0,1,1,1,2,0,1,4,2,1,0,6,0,0,2,2,0,1,0,5,1,5,1,4,0,9,0,1,1,0,1,0,1,2,0,0,1,3,0,1,1,0,1,2,5,6,1,0,1,7,0,0,0,0
rpmc,1000,3,2,peroxisome,26,12718,338,17,13,12,7,8,2,3,1,1,3,7,5,8,2,5,1,9,4,1,2,0,1,0,1,0,1,1,0,1,1,2,3,0,1,1,3,1,0,2,2,1,1,0,1,1,4,2,2,5,1,2,3,3,3,8,1,1,0,0,0,0,2,1,1,0,0,3,2,3,3,9,0,2,3,1,2,1,0,0,1,2,1,1,4,3,5,4,5,1,3,3,2,1,2,1,5,2,2,12
rpmc,1000,3,2,peroxisome,27,10120,296,15,15,12,6,3,3,5,2,5,3,5,9,2,5,2,2,4,0,1,3,1,1,1,1,3,1,1,1,0,1,0,1,1,0,1,0,0,0,0,0,0,0,0,1,1,0,0,1,0,5,1,0,1,0,1,1,2,2,0,4,0,0,2,2,1,2,2,1,1,1,0,1,1,0,1,0,0,2,5,4,2,5,1,1,3,1,2,4,2,2,1,1,2,6,0,0,0,0,45
rpmc,1000,3,2,peroxisome,28,12020,404,19,14,16,8,10,3,0,1,2,0,7,9,5,2,6,3,2,1,4,3,1,1,2,2,1,0,0,0,0,1,0,0,0,0,1,0,0,1,2,1,1,1,2,1,5,1,1,2,2,4,3,1,1,1,2,3,1,1,5,2,3,4,2,4,2,1,2,1,3,1,1,1,3,0,0,0,0,2,4,2,0,3,0,1,0,2,0,1,0,2,1,1,0,3,0,2,0,5,5
rpmc,1000,3,2,peroxisome,29,5175,646,39,22,19,18,12,5,5,5,4,2,5,12,6,6,7,4,1,4,3,1,0,0,2,1,3,2,0,0,2,0,2,1,0,0,0,0,0,2,0,0,1,1,2,2,3,7,2,1,4,1,1,5,4,5,4,4,1,6,1,0,0,1,0,4,6,2,3,1,2,2,3,4,3,1,4,4,3,5,3,2,6,1,4,3,3,8,4,3,0,2,4,2,2,3,1,4,3,14,62
rpmc,1000,3,2,peroxisome,31,9307,837,52,35,16,12,23,7,6,10,7,8,9,10,6,13,7,3,8,3,3,5,2,2,1,1,5,3,1,6,3,0,0,1,0,0,2,1,2,1,4,2,0,0,1,2,1,1,1,2,1,4,1,3,6,3,2,3,3,3,1,1,2,3,0,2,5,2,4,3,1,3,4,0,1,2,3,4,1,2,3,6,3,0,4,3,1,8,6,8,7,2,6,3,6,13,1,7,2,2,97
rpmc,1000,3,2,peroxisome,32,10398,553,31,14,17,16,7,8,7,7,3,4,15,5,12,2,10,6,2,7,0,1,0,0,2,0,0,0,2,1,1,0,2,0,0,1,0,1,0,0,0,0,2,0,2,0,1,0,1,4,7,0,5,5,2,0,2,3,0,0,0,4,2,7,6,1,3,3,0,0,0,3,9,3,0,2,3,2,2,0,0,2,1,1,6,0,2,5,7,4,0,3,5,1,4,4,0,2,3,5,48
rpmc,1000,3,2,peroxisome,33,16982,491,22,21,37,10,11,3,0,2,1,0,7,10,3,8,8,4,8,5,8,7,1,3,3,1,1,0,0,0,0,0,4,2,1,0,0,1,2,2,0,0,3,0,4,0,1,1,0,3,5,1,2,2,1,4,3,1,5,4,3,1,7,1,7,6,7,4,14,1,7,5,5,4,2,0,3,2,4,10,6,5,3,3,6,2,5,2,5,6,2,5,4,2,1,1,5,0,6,0,0
rpmc,1000,3,2,peroxisome,34,7368,223,17,18,14,6,3,0,4,1,0,0,4,8,2,1,1,0,3,1,1,1,0,0,0,1,0,0,2,1,0,1,0,1,1,0,1,1,0,1,0,0,1,2,0,1,1,1,1,1,1,2,3,0,0,1,0,1,3,0,0,0,0,0,0,1,3,2,0,1,1,2,1,2,2,3,2,4,0,1,1,0,0,0,2,0,1,3,0,4,1,1,1,2,1,5,3,8,3,0,4
rpmc,1000,3,2,peroxisome,35,10620,395,19,20,15,10,5,2,3,3,1,3,8,11,6,6,4,1,5,1,6,2,1,3,1,1,3,1,1,0,0,1,4,2,1,0,5,1,1,0,2,0,1,1,0,0,1,1,2,1,2,4,1,2,3,1,1,3,1,3,1,3,2,2,0,3,1,0,2,0,1,2,2,1,3,3,0,1,0,2,1,2,4,5,1,2,1,2,3,2,2,0,1,1,4,4,2,2,3,9,40
rpmc,1000,3,2,peroxisome,36,14449,603,38,37,36,14,16,2,3,0,4,4,9,14,10,1,7,14,6,10,3,1,1,3,2,1,1,1,0,1,1,0,1,2,0,1,0,1,3,1,0,0,0,2,6,2,0,1,1,4,9,2,4,1,4,2,3,6,6,7,5,7,11,0,3,9,5,4,6,2,6,4,5,2,6,1,10,2,2,6,4,3,1,2,3,2,9,2,7,8,2,6,12,5,6,1,5,1,1,2,1
rpmc,1000,3,2,peroxisome,37,2341,236,35,3,8,0,2,0,0,2,0,2,2,0,0,0,0,0,2,3,2,1,1,1,0,0,0,0,0,0,0,0,0,0,0,0,1,0,0,1,0,0,0,0,0,0,0,0,0,0,0,0,0,0,0,0,1,2,2,0,0,0,0,1,0,0,0,0,1,0,0,0,0,0,0,0,0,1,0,0,1,1,0,0,0,1,1,1,0,0,3,3,1,1,0,0,0,0,0,0,0
rpmc,1000,3,2,peroxisome,38,11324,692,36,41,44,21,16,14,6,6,8,9,7,10,10,10,16,15,5,8,11,6,3,6,1,2,4,0,2,4,4,3,4,1,2,1,0,4,7,9,2,4,3,0,2,0,1,2,0,1,0,0,2,1,2,0,3,0,2,4,2,0,2,2,5,2,6,3,5,2,3,2,8,3,0,0,2,1,4,4,7,3,3,4,4,4,5,5,2,3,0,5,4,7,3,6,3,4,5,6,114
rpmc,1000,3,2,peroxisome,39,7849,282,1,8,5,0,10,0,0,1,2,0,5,19,3,6,4,1,6,1,0,3,0,1,0,0,0,1,0,1,0,0,2,1,3,0,0,1,0,0,1,0,1,1,1,1,0,0,0,0,1,2,1,1,2,1,0,1,0,1,0,1,0,1,1,2,1,2,4,0,8,1,2,1,3,2,0,2,2,1,2,0,2,2,1,2,0,0,2,1,0,3,1,0,1,0,3,3,0,0,0
rpmc,1000,3,2,peroxisome,40,11087,486,26,14,43,7,12,2,0,0,0,0,7,11,5,3,10,2,7,6,2,4,1,3,2,0,2,2,1,1,0,0,2,2,3,0,2,2,0,1,1,1,0,0,0,2,3,0,1,1,1,1,0,4,1,3,3,1,3,1,7,1,3,2,8,3,3,1,3,0,7,6,15,4,3,2,7,3,5,2,0,6,1,5,2,2,1,4,6,3,4,2,9,1,1,2,6,3,4,2,17
rpmc,1000,3,2,peroxisome,41,9965,371,14,23,10,13,19,6,3,6,3,3,2,10,3,4,7,2,7,6,2,2,5,1,1,3,6,1,4,3,2,2,0,3,0,0,4,0,0,3,2,0,1,0,1,1,0,2,1,0,0,2,0,2,4,1,0,2,1,4,1,0,1,1,1,2,2,2,0,4,1,0,3,1,1,3,0,0,1,1,1,0,2,3,3,4,3,0,4,4,5,5,7,3,2,9,0,0,0,2,68
rpmc,1000,3,2,peroxisome,42,6728,1,0,0,1,0,0,0,0,0,0,0,2,0,0,0,0,0,0,0,0,0,0,0,0,0,0,0,0,0,0,0,0,0,0,0,0,0,0,0,0,0,0,0,0,0,0,0,0,0,2,0,0,0,0,0,0,0,0,0,0,0,0,0,0,0,0,0,0,0,0,0,0,0,0,0,0,0,0,0,0,0,0,0,0,0,0,0,0,0,0,0,0,0,0,0,0,0,0,0,0
rpmc,1000,3,2,peroxisome,43,14744,356,12,8,21,13,9,1,0,0,1,1,18,28,11,13,14,4,11,8,6,3,0,1,0,2,0,0,0,0,0,0,1,5,1,0,2,0,0,0,0,0,0,0,2,3,0,2,1,4,3,4,1,4,4,2,0,3,2,3,4,7,0,4,3,1,5,3,2,6,5,1,2,3,2,2,1,2,2,6,5,3,6,1,2,2,1,9,8,1,4,4,5,3,2,2,3,1,0,3,8
rpmc,1000,3,2,peroxisome,44,2450,780,141,22,44,14,11,10,13,1,1,5,3,3,8,2,11,5,6,9,8,3,8,3,2,0,0,0,0,0,1,0,1,0,0,0,0,0,0,0,1,0,1,0,0,1,2,1,2,3,3,1,3,3,0,1,2,6,3,1,1,3,1,3,2,3,3,4,0,0,0,1,3,1,0,1,0,2,1,0,0,1,0,0,3,0,2,0,5,1,0,2,2,1,2,2,0,0,2,0,12
rpmc,1000,3,2,peroxisome,45,7922,214,11,10,11,6,1,1,0,0,1,0,14,7,4,2,0,5,1,1,0,2,1,1,0,0,1,0,1,0,0,0,1,4,2,1,0,0,1,1,1,1,0,0,0,0,1,0,1,3,0,1,1,0,1,1,0,1,1,0,1,0,0,0,1,2,1,1,2,3,2,1,4,1,0,3,2,0,2,4,0,0,0,1,1,1,0,0,2,3,1,3,3,1,0,0,1,1,0,0,0
rpmc,1000,3,2,peroxisome,46,7708,277,15,13,11,3,5,0,0,1,0,1,5,7,2,2,3,1,3,1,4,3,0,1,0,2,1,1,0,0,0,1,0,0,0,0,1,1,0,0,1,0,1,0,1,1,0,0,1,3,3,1,2,4,0,0,0,2,1,2,1,2,0,1,2,2,2,0,0,1,5,0,4,1,0,1,2,1,4,0,1,0,1,6,2,0,2,3,2,0,0,0,2,3,3,2,2,0,1,5,17
rpmc,1000,3,2,peroxisome,47,9550,621,26,37,29,24,17,19,6,11,6,6,10,8,9,3,8,3,6,2,2,4,2,1,2,2,2,6,1,1,5,5,0,1,1,1,3,0,0,4,3,0,2,0,0,0,1,1,0,0,1,1,0,0,2,0,1,0,0,3,2,1,1,0,0,1,3,3,1,1,1,3,1,1,6,1,3,3,4,3,2,1,4,2,1,4,3,3,5,0,0,1,4,2,6,12,1,3,2,8,94
rpmc,1000,3,2,peroxisome,48,9261,108,2,2,4,0,5,1,0,0,0,0,11,6,1,7,4,2,3,1,0,3,0,0,0,0,0,0,0,0,0,0,1,2,0,0,0,2,0,0,2,0,0,0,1,0,0,1,0,0,0,1,1,1,1,0,0,1,0,0,1,1,0,0,1,1,1,0,1,0,3,1,2,0,0,0,0,0,1,4,1,1,3,5,0,1,0,0,0,2,3,0,1,2,0,0,0,1,0,0,0
rpmc,1000,3,2,peroxisome,50,5659,66,4,5,1,0,0,1,0,1,0,0,1,4,1,0,0,0,2,0,1,0,0,0,0,1,0,0,0,0,0,0,0,1,1,0,1,0,0,0,0,0,0,0,1,2,0,0,0,2,0,0,1,0,0,0,0,0,0,0,0,0,1,0,2,0,0,0,0,0,0,0,0,0,0,0,0,1,0,1,0,0,2,0,0,0,0,1,2,0,0,0,0,0,0,0,0,0,1,0,5
rpmc,1000,3,2,peroxisome,51,9718,204,2,1,9,5,0,0,0,0,2,0,11,17,3,9,3,3,3,2,6,1,2,0,0,0,0,0,0,0,0,0,1,0,2,0,0,0,0,0,0,0,0,1,0,0,0,1,1,0,2,0,0,0,3,1,2,1,3,0,1,1,2,1,1,1,3,0,2,1,4,1,2,1,1,0,0,1,1,2,3,0,1,3,2,1,0,0,0,1,0,0,3,1,0,0,0,1,3,0,0
rpmc,1000,3,2,peroxisome,52,4558,1753,197,41,93,51,42,32,9,7,8,4,3,4,12,4,11,5,13,15,32,17,7,8,2,3,1,4,0,0,0,0,0,2,1,0,1,3,6,3,0,1,1,3,1,2,1,0,1,2,7,12,11,15,6,7,11,19,15,35,15,18,7,10,4,8,5,3,2,0,0,2,2,4,0,2,1,0,0,2,4,1,1,1,0,1,1,1,0,0,3,6,5,3,1,5,0,3,3,2,24
rpmc,1000,3,2,peroxisome,53,9284,419,16,20,14,11,8,5,3,4,2,1,0,4,2,1,1,1,2,2,0,0,1,0,2,4,1,4,0,0,0,1,1,2,0,4,1,1,0,0,0,0,4,0,1,1,2,0,1,2,1,0,0,1,2,0,0,2,0,1,2,2,0,1,0,1,2,1,2,0,5,3,2,0,1,1,3,2,1,2,2,4,3,3,1,1,3,5,0,6,4,0,1,5,1,7,3,4,0,3,63
rpmc,1000,3,2,peroxisome,54,13500,778,21,21,38,5,24,3,2,1,1,1,18,23,7,9,15,9,6,7,7,3,2,5,2,3,0,0,1,2,1,0,3,1,1,0,1,3,1,2,2,3,3,4,3,1,2,1,1,4,5,1,0,4,3,8,2,5,5,5,6,2,6,3,12,3,7,2,9,3,4,3,3,6,1,1,4,4,4,7,7,5,2,5,9,2,2,3,4,5,3,4,7,5,4,0,4,7,2,1,3
rpmc,1000,3,2,peroxisome,55,9941,41,1,2,3,0,0,1,0,0,0,0,4,9,1,2,3,3,2,3,1,0,0,0,0,0,0,0,0,0,0,0,1,0,0,1,0,1,0,0,0,0,0,1,0,1,0,0,0,0,1,1,0,1,0,1,0,1,0,1,0,1,1,1,0,1,1,0,3,0,3,1,5,2,3,0,0,0,0,0,0,0,2,1,0,0,0,0,1,0,0,0,1,1,1,1,3,3,0,0,0
rpmc,1000,3,2,peroxisome,56,12490,74,3,1,2,0,0,0,0,0,2,0,9,8,4,1,5,2,5,0,2,0,0,0,0,0,0,0,0,0,0,0,0,2,0,0,2,1,0,0,0,0,0,0,3,0,0,3,1,4,1,1,0,1,0,0,0,0,0,3,0,2,1,0,0,1,1,1,0,1,0,0,1,0,0,0,0,1,0,3,1,1,0,1,1,0,0,0,0,0,1,0,3,1,0,0,0,1,0,2,0
rpmc,1000,3,2,peroxisome,57,9522,311,23,10,12,9,3,1,1,1,0,1,4,12,6,4,6,1,5,4,1,3,1,1,0,1,0,0,1,0,0,0,4,0,1,1,1,3,2,2,2,0,3,0,1,0,1,3,2,0,1,5,1,1,2,2,5,0,1,1,3,4,2,2,2,1,4,0,3,2,1,0,1,0,3,0,1,2,2,2,3,0,5,4,1,2,1,0,3,2,1,0,0,4,3,6,3,1,1,0,0
rpmc,1000,3,2,peroxisome,58,10753,314,22,25,16,6,6,7,4,4,4,0,4,3,2,1,2,1,4,4,2,3,2,2,1,1,1,0,3,1,2,1,2,0,2,0,0,0,0,0,1,0,0,1,1,1,1,0,0,1,1,0,0,1,1,1,0,1,1,1,1,2,2,1,2,1,0,1,0,1,2,2,1,0,0,1,1,2,0,4,2,1,3,0,0,1,3,4,4,0,0,4,1,2,3,4,1,1,1,0,45
rpmc,1000,3,2,peroxisome,59,13461,761,61,26,45,21,18,5,3,2,2,1,4,12,8,5,7,8,7,11,15,3,5,8,4,2,3,1,1,1,0,0,4,1,1,1,1,1,3,2,0,2,3,2,1,1,3,2,5,1,3,8,4,7,3,2,8,9,4,12,5,9,4,2,4,7,5,2,6,2,4,4,5,1,4,1,3,2,1,1,2,2,2,4,3,2,4,6,4,4,3,8,2,3,1,2,3,2,1,3,25
rpmc,1000,3,2,peroxisome,60,4797,967,57,38,19,12,20,3,3,7,7,1,0,8,5,7,7,9,3,4,4,3,2,4,0,2,1,4,0,2,0,0,1,2,2,1,1,2,1,1,1,0,0,1,2,2,2,3,2,2,2,5,4,5,1,5,2,6,5,6,4,6,3,3,3,10,9,5,3,3,1,0,2,5,1,4,1,0,1,4,1,4,3,5,3,4,2,3,5,4,2,5,6,0,0,2,4,7,2,13,10
rpmc,1000,3,2,peroxisome,61,12178,244,7,9,9,5,7,3,1,4,1,3,3,14,1,12,3,4,2,0,0,7,0,1,0,4,0,5,1,3,0,0,0,2,0,0,0,1,1,0,1,1,0,0,1,0,0,1,0,0,1,1,0,2,3,0,0,1,0,0,0,0,0,0,4,1,0,0,1,0,4,1,5,1,1,0,1,1,2,2,2,0,2,4,1,1,0,2,4,3,3,4,3,1,2,4,1,2,1,2,41
rpmc,1000,3,2,peroxisome,62,8289,346,6,14,26,3,3,4,0,0,0,0,2,9,4,2,9,4,9,4,6,1,0,0,1,2,2,0,0,0,0,2,2,0,0,0,1,0,0,1,0,0,1,0,0,0,0,1,1,1,3,2,1,2,1,5,1,1,1,1,0,2,1,1,1,0,4,2,2,2,7,3,3,2,7,7,1,5,7,3,2,2,2,2,0,3,2,0,1,2,4,4,6,3,2,3,5,2,1,0,0
rpmc,1000,3,2,peroxisome,63,10132,678,27,25,20,22,18,8,12,9,13,8,7,4,3,5,9,8,7,5,2,6,4,5,0,4,3,3,1,4,0,3,1,0,3,0,0,3,8,3,0,2,2,0,1,0,0,0,2,1,0,1,2,4,6,4,6,1,3,2,3,1,3,2,3,2,0,1,1,0,4,2,1,2,1,3,3,1,0,2,3,2,0,2,1,3,1,11,5,5,4,4,7,3,3,6,2,4,5,5,101
rpmc,1000,3,2,peroxisome,64,8058,434,26,23,14,15,12,14,8,3,4,10,14,1,9,1,5,7,2,4,2,1,1,1,5,0,2,5,3,1,4,2,3,0,1,1,0,0,0,0,0,2,1,1,0,1,0,2,0,1,1,0,1,0,0,2,3,0,1,0,0,0,1,0,1,0,6,1,5,0,1,4,1,0,1,1,0,2,1,2,0,0,2,2,3,0,4,3,5,4,0,3,4,3,7,6,0,1,1,3,90
rpmc,1000,3,2,peroxisome,65,15124,626,38,26,22,18,16,9,3,2,6,2,17,6,6,7,9,7,6,3,0,4,1,3,0,2,0,1,1,1,0,2,4,2,2,0,1,1,0,1,0,0,0,0,2,1,1,1,3,1,1,1,1,2,8,0,0,3,4,3,7,2,2,9,0,3,1,4,0,1,7,1,5,2,3,3,1,2,2,0,3,2,3,1,2,4,4,12,11,1,2,2,1,3,1,3,1,2,0,5,40
rpmc,1000,3,2,peroxisome,66,9852,450,26,27,22,11,9,5,5,3,2,4,6,15,10,6,5,2,6,2,2,1,1,2,1,5,2,1,2,3,2,0,2,1,2,0,3,0,2,4,2,0,1,3,2,0,1,0,2,0,0,0,0,1,1,0,2,0,1,2,0,2,1,1,3,2,0,0,2,1,1,1,1,1,2,0,0,1,1,2,0,6,0,1,0,0,3,2,2,2,0,0,5,4,3,10,2,2,3,5,62
rpmc,1000,3,2,peroxisome,67,10354,428,33,27,25,5,10,11,6,3,9,3,13,10,7,10,13,11,11,4,8,3,1,7,2,2,8,1,2,2,2,6,2,2,1,3,0,7,2,4,1,0,0,0,0,2,1,2,1,0,0,1,2,1,2,5,3,0,0,1,0,1,0,1,1,0,1,2,1,1,0,1,3,0,0,1,2,5,1,0,1,1,3,2,1,0,1,1,3,1,2,7,7,4,4,8,0,3,3,8,87
rpmc,1000,3,2,peroxisome,68,8381,507,44,26,21,11,12,14,3,5,5,3,22,14,12,5,7,6,10,8,6,2,1,1,3,5,5,2,3,2,2,6,0,2,1,1,2,3,1,5,2,3,3,2,3,3,0,3,1,6,2,0,3,2,3,1,1,3,0,0,3,3,0,2,0,2,6,4,5,1,4,1,1,3,2,2,3,1,2,5,1,2,2,3,1,1,4,2,4,6,4,2,5,7,10,14,1,0,3,1,102
rpmc,1000,3,2,peroxisome,69,14133,879,27,52,21,12,8,9,8,9,5,4,6,17,2,7,12,5,8,5,5,4,3,5,1,1,4,0,1,0,0,1,1,0,1,1,1,2,0,1,1,2,1,0,3,6,4,2,2,1,5,0,4,3,1,6,6,2,6,3,5,2,3,3,5,3,4,4,2,1,3,2,7,2,2,7,5,3,3,3,3,1,8,3,3,3,6,5,7,9,3,6,5,7,4,5,5,6,2,12,49
rpmc,1000,3,2,peroxisome,70,10257,550,16,25,24,8,11,3,4,3,3,1,23,26,8,12,10,5,4,3,4,7,1,1,0,0,1,0,1,2,2,0,3,5,4,0,2,1,3,2,2,0,1,3,1,3,1,4,1,2,1,4,3,3,3,2,2,1,1,3,4,1,4,3,3,1,2,2,1,3,4,0,15,2,10,2,2,3,11,3,9,10,4,1,0,1,6,3,3,2,7,9,3,6,5,0,10,3,1,4,9
rpmc,1000,3,2,peroxisome,71,11916,376,28,22,17,17,7,14,9,6,8,5,14,9,6,4,4,1,1,5,4,1,2,0,2,1,1,4,0,0,0,2,1,1,1,0,2,2,1,2,1,4,0,0,2,0,2,1,3,2,2,1,1,2,0,1,0,1,0,1,1,1,0,0,0,0,3,2,2,1,0,0,0,1,3,0,0,1,0,2,0,0,0,1,2,0,4,5,5,1,0,4,4,5,8,4,0,1,2,0,71
rpmc,1000,3,2,peroxisome,72,12764,319,10,10,16,11,4,0,0,3,1,0,14,13,5,4,8,4,14,5,5,0,1,0,0,0,1,0,0,0,0,0,0,0,3,1,1,1,0,0,0,0,1,1,0,1,0,0,0,2,2,2,2,3,1,1,3,2,2,2,2,3,1,3,2,5,6,2,1,0,3,1,2,2,3,1,2,3,3,3,3,6,6,2,1,1,3,2,2,3,0,1,3,0,3,1,2,1,0,5,21
rpmc,1000,3,2,peroxisome,73,11492,251,13,24,9,3,7,5,4,0,3,4,6,6,3,2,1,2,3,3,6,1,0,2,2,1,1,0,4,1,0,3,0,1,2,2,0,1,0,0,0,0,1,1,3,1,1,1,0,2,0,1,2,2,0,0,0,0,0,0,0,2,4,0,0,3,0,0,0,1,0,1,2,0,2,0,1,2,0,3,1,1,1,2,2,0,4,4,0,2,2,1,1,1,10,3,3,2,3,4,37
rpmc,1000,3,2,peroxisome,74,14384,598,27,24,40,9,18,3,2,6,0,1,11,11,5,4,11,10,4,8,5,2,2,1,1,2,2,2,1,2,1,0,2,2,3,1,2,5,0,0,4,1,1,1,0,3,2,2,1,2,3,4,1,5,2,3,8,4,3,1,3,2,7,4,2,6,6,4,4,3,6,7,3,3,4,4,2,2,4,4,5,5,4,5,3,3,7,2,8,5,2,6,10,3,5,3,7,5,3,5,27
rpmc,1000,3,2,peroxisome,75,4574,535,15,25,8,3,9,3,4,4,5,1,8,11,3,0,6,5,4,0,1,1,1,3,1,0,0,0,1,0,1,1,1,1,3,0,0,0,1,0,0,1,1,1,1,1,1,0,2,0,0,0,0,1,1,0,2,1,0,1,1,2,1,1,3,1,0,4,1,1,3,1,2,1,1,0,3,1,2,2,0,3,1,1,0,1,5,0,2,4,1,1,2,3,2,0,0,1,0,0,17
rpmc,1000,3,2,peroxisome,76,13214,441,25,30,35,9,13,2,2,3,4,1,10,5,5,8,4,2,7,3,9,2,4,3,1,1,3,0,0,3,1,2,2,1,0,1,1,1,0,1,3,0,3,1,2,1,2,0,3,3,3,3,2,4,0,2,3,3,3,2,3,8,1,2,7,3,6,4,6,0,7,2,4,6,3,6,3,4,3,7,5,1,0,0,2,0,0,4,3,3,7,1,4,2,1,2,8,9,1,4,16
rpmc,1000,3,2,peroxisome,77,15420,471,11,18,27,6,11,5,0,4,3,4,7,12,2,8,6,2,10,4,7,11,0,3,0,0,2,3,1,1,0,1,4,2,1,0,2,0,1,0,1,3,1,1,3,2,0,2,1,0,4,2,1,1,5,4,1,0,3,5,1,1,1,0,4,1,2,1,4,1,4,2,4,6,0,3,3,2,2,4,10,9,6,8,2,3,1,0,7,6,5,2,6,6,4,5,3,7,2,1,31
rpmc,1000,3,2,peroxisome,78,13442,275,11,17,21,11,13,15,5,3,6,2,10,8,6,8,1,1,5,4,2,0,1,0,2,0,0,0,1,1,3,1,1,1,0,1,3,2,2,3,1,0,0,0,4,1,0,2,1,0,0,0,0,4,1,0,0,0,0,0,1,1,0,0,0,0,2,0,4,0,1,0,1,1,0,2,0,0,3,6,0,1,0,2,1,1,0,6,5,2,2,2,4,7,5,13,0,0,5,2,78
rpmc,1000,3,2,peroxisome,79,10247,660,41,21,27,6,3,6,0,3,0,1,3,20,4,4,6,10,9,3,6,8,1,2,0,1,1,0,0,1,0,0,1,3,3,4,1,1,0,0,3,1,3,2,5,3,2,4,4,2,3,3,1,3,1,4,3,4,2,2,4,6,2,1,5,3,2,2,1,2,2,5,5,3,4,1,1,4,3,2,2,4,5,6,5,3,3,3,6,4,4,3,5,9,6,4,5,6,4,4,11
rpmc,1000,3,2,peroxisome,80,11600,626,27,28,30,15,11,1,1,0,0,2,7,19,8,9,11,6,12,8,9,5,3,0,0,0,1,0,1,0,1,0,1,3,1,0,4,1,0,5,2,4,0,6,3,3,7,2,5,2,4,3,1,3,1,2,3,3,0,3,3,9,1,2,1,1,8,3,3,3,6,3,3,3,2,2,3,7,3,6,5,1,5,3,5,3,1,4,3,1,5,3,1,4,3,1,6,3,0,9,3
rpmc,1000,3,2,peroxisome,81,4746,71,4,7,3,1,0,1,3,3,2,0,7,8,1,1,1,2,2,0,0,0,0,0,0,0,0,0,0,0,0,0,1,3,0,0,1,0,0,0,0,0,1,0,0,0,1,1,0,1,0,0,0,0,2,1,1,0,1,1,0,0,1,0,0,0,1,0,0,0,0,0,0,0,0,0,0,0,0,0,0,1,0,0,0,0,0,1,0,0,0,0,1,1,0,0,0,0,0,0,0
rpmc,1000,3,2,peroxisome,82,7298,269,13,5,8,2,3,4,1,2,5,2,5,7,2,3,5,5,2,2,1,2,2,0,3,0,0,3,1,1,1,0,0,0,1,0,1,2,1,0,1,0,0,0,2,0,0,0,1,1,0,0,0,2,1,1,0,1,3,0,4,1,1,0,1,1,1,1,1,2,2,1,3,2,1,1,0,2,0,4,1,0,0,3,3,0,2,2,1,1,1,1,1,2,3,6,0,5,0,1,33
rpmc,1000,3,2,peroxisome,83,11608,182,4,4,10,10,9,1,0,2,0,0,6,9,4,2,5,1,3,5,0,3,1,2,0,1,0,0,0,0,0,0,0,1,0,0,3,0,0,0,0,0,0,0,1,0,1,1,0,2,2,1,1,2,0,1,0,1,2,3,1,0,4,2,4,2,0,0,1,0,0,0,4,2,2,1,0,2,2,5,1,2,2,1,0,1,1,3,1,2,0,2,0,2,2,1,1,2,0,1,0
rpmc,1000,3,2,peroxisome,84,6895,223,6,8,16,1,5,0,0,0,0,1,0,3,0,1,1,3,2,1,2,3,0,0,0,0,0,0,0,0,0,0,0,0,0,0,0,0,0,0,1,0,0,0,0,0,0,0,0,3,1,1,2,1,2,0,0,1,0,0,1,3,0,0,0,2,2,0,3,1,1,1,0,0,1,0,2,1,2,1,1,1,1,0,1,0,0,1,1,2,0,1,1,0,0,0,1,0,0,0,0
rpmc,1000,3,2,peroxisome,85,11048,902,25,49,45,23,18,15,8,9,6,7,12,15,12,10,5,7,10,8,6,6,4,3,0,1,3,4,5,2,5,5,0,1,1,1,8,0,2,0,4,1,3,0,3,0,1,2,2,2,3,1,3,6,1,1,1,3,5,6,3,2,2,7,3,14,4,6,2,0,2,3,5,2,2,3,3,3,3,3,6,7,4,6,2,3,6,4,5,6,4,4,7,8,7,10,2,8,3,5,136
rpmc,1000,3,2,peroxisome,86,10326,161,2,6,19,4,1,1,0,0,1,1,6,17,7,7,5,2,4,0,2,0,0,0,0,0,0,0,1,0,0,0,2,3,0,0,1,0,0,1,0,0,0,1,0,2,1,1,1,0,2,1,0,3,1,1,1,1,2,2,0,3,1,0,0,2,4,1,2,3,2,1,7,2,2,1,1,0,1,1,0,1,1,1,1,0,0,1,0,1,1,4,1,4,0,1,2,3,0,0,0
rpmc,1000,3,2,peroxisome,87,2481,118,0,4,4,1,1,0,0,3,0,0,2,8,1,2,1,1,1,1,1,6,0,1,0,0,0,0,0,0,0,0,0,0,2,0,0,1,0,0,0,0,0,0,0,0,0,0,0,0,0,1,1,0,0,0,0,0,0,0,1,0,1,0,0,1,1,1,0,0,0,0,1,0,0,0,0,0,0,0,1,0,0,3,3,1,0,1,1,0,1,1,1,1,1,0,1,0,0,0,0
rpmc,1000,3,2,peroxisome,88,13922,445,25,25,22,9,8,10,1,6,5,2,7,9,3,10,4,4,4,6,2,6,2,2,1,4,1,2,0,0,1,1,0,2,3,2,2,1,0,3,1,5,3,0,1,4,0,0,1,1,2,0,0,2,4,1,2,1,0,0,1,2,1,1,3,2,0,0,2,2,3,1,6,3,3,1,2,0,1,0,3,4,0,3,2,3,3,2,7,3,2,4,7,4,8,10,1,3,2,5,63
rpmc,1000,3,2,peroxisome,89,2914,436,42,20,20,20,18,14,5,5,9,6,3,6,2,4,10,4,6,0,4,3,1,0,1,0,3,0,0,0,3,1,0,1,0,1,2,0,0,0,0,1,1,0,0,0,1,0,1,0,0,0,0,0,2,2,1,0,1,0,0,1,2,0,0,1,2,2,2,3,0,3,3,0,0,0,2,1,1,1,0,0,1,3,0,2,0,2,1,6,2,2,6,2,3,6,0,0,0,1,65
rpmc,1000,3,2,peroxisome,90,7726,1126,58,48,38,30,22,9,4,8,6,10,5,12,8,10,8,6,15,7,3,8,2,3,0,1,2,6,3,1,1,2,0,4,0,0,1,1,0,1,3,2,2,0,1,4,7,3,11,4,5,4,3,8,4,4,2,1,3,3,3,4,2,3,4,2,1,4,2,3,4,4,4,1,0,1,1,0,2,1,2,2,3,6,4,6,3,4,5,7,3,2,5,3,6,10,2,1,1,9,73
rpmc,1000,3,2,peroxisome,91,15522,471,17,17,26,5,2,3,1,0,1,0,10,12,7,6,9,3,9,4,5,6,1,6,1,1,1,0,0,0,0,1,0,0,1,0,0,4,5,0,2,0,1,1,0,0,0,0,0,2,1,2,2,4,1,4,3,2,9,1,5,0,4,2,4,2,6,1,5,1,5,6,8,2,4,4,0,1,3,1,3,1,2,2,5,1,2,0,0,2,5,4,4,4,3,0,3,4,2,2,12
rpmc,1000,3,2,peroxisome,92,10579,456,21,16,14,13,11,8,4,0,0,4,9,6,9,3,6,4,2,2,3,0,2,0,1,2,2,5,3,1,1,0,1,0,0,0,0,1,0,0,0,0,0,1,1,1,1,1,0,0,1,0,1,0,0,2,1,0,1,1,3,2,1,2,2,0,2,2,0,1,0,0,2,1,1,0,0,1,2,1,0,2,0,2,3,2,0,2,3,3,1,1,1,2,6,7,0,6,1,4,52
rpmc,1000,3,2,peroxisome,93,7657,453,6,7,0,3,1,1,0,0,0,0,0,8,2,0,1,0,0,1,0,0,0,0,0,1,2,0,1,0,0,0,0,1,0,1,0,0,1,1,1,0,0,0,0,0,1,0,1,1,1,1,0,0,0,2,1,0,0,0,1,0,2,0,0,0,0,0,0,0,0,1,0,0,0,2,0,0,0,0,2,0,0,0,0,1,0,2,1,0,1,0,1,0,1,1,0,1,0,0,3
rpmc,1000,3,2,peroxisome,94,4342,328,10,19,13,5,11,13,3,5,2,4,1,3,2,0,3,4,1,0,1,1,3,0,1,0,0,0,0,0,1,2,1,0,1,0,1,0,0,0,2,0,0,0,3,1,1,1,1,4,0,1,0,1,0,1,0,2,0,2,1,0,2,1,2,1,3,2,0,1,0,1,1,1,1,3,0,1,1,2,0,1,2,0,0,0,0,2,1,4,2,3,1,0,4,6,0,2,1,4,26
rpmc,1000,3,2,peroxisome,95,14288,716,40,37,32,8,10,5,12,2,4,7,8,14,7,7,8,4,3,6,2,2,1,3,1,4,1,3,2,2,1,0,6,3,3,0,0,1,1,1,0,2,4,5,3,1,0,1,1,2,1,1,3,1,2,3,3,2,3,3,0,4,3,2,4,3,3,5,0,2,5,5,6,1,2,6,1,3,9,3,1,3,3,4,5,2,4,8,1,2,8,4,3,8,2,17,2,12,5,8,75
rpmc,1000,3,2,peroxisome,97,3655,1112,115,39,56,22,26,12,5,8,5,8,6,3,10,1,12,11,14,12,16,8,2,3,2,4,2,0,1,0,0,1,0,0,1,0,0,1,2,0,0,0,1,0,0,0,1,0,2,2,4,1,4,4,2,4,4,6,5,3,4,4,2,5,7,3,1,2,1,3,1,4,2,4,0,1,0,1,1,2,0,0,1,0,3,2,0,3,3,7,1,4,1,2,2,3,0,1,0,0,29
rpmc,1000,3,2,peroxisome,98,11593,968,54,49,33,29,13,10,15,11,9,7,19,15,10,12,12,6,10,9,8,3,5,5,0,5,4,6,8,2,10,10,7,3,9,1,1,21,11,13,3,8,1,0,2,3,2,2,1,4,1,1,1,5,5,2,0,2,0,2,5,2,5,2,1,3,3,0,6,3,2,5,2,3,3,3,4,7,7,4,5,6,1,2,3,2,5,9,6,5,13,7,16,6,4,11,3,10,27,29,56
rpmc,1000,3,2,peroxisome,100,5629,67,0,0,0,0,0,0,0,0,1,0,0,1,0,0,0,0,0,0,0,0,0,0,0,0,0,0,0,0,0,0,0,0,0,0,0,0,0,0,0,0,0,0,0,0,0,0,0,0,0,0,0,0,0,0,0,0,0,0,0,0,0,0,0,0,0,0,0,0,0,0,0,0,0,0,0,0,0,0,0,0,0,0,0,0,0,0,0,0,0,0,0,0,0,0,0,0,0,0,0
rpmc,1000,3,2,peroxisome,101,4730,362,20,26,16,12,10,2,2,1,3,1,6,4,3,1,5,1,3,1,2,0,1,1,2,1,1,3,0,0,0,1,0,0,1,0,0,1,0,0,1,0,0,2,0,0,0,1,0,3,1,0,1,2,1,2,3,3,3,2,4,3,2,3,4,6,0,2,2,1,2,2,0,0,0,0,1,0,1,2,0,2,1,0,0,0,3,1,1,1,2,1,3,1,4,2,1,0,0,3,19
rpmc,1000,3,2,peroxisome,102,5647,269,19,7,10,19,1,2,2,5,1,0,4,1,2,1,4,1,1,1,1,1,1,1,1,1,0,0,0,1,0,1,0,0,0,0,0,0,0,0,1,1,2,0,1,0,0,1,1,1,0,2,1,1,2,0,3,2,1,2,0,2,1,2,2,1,6,0,2,2,1,3,1,0,1,2,0,0,0,2,0,3,1,1,1,0,3,6,4,3,1,0,2,1,1,3,2,1,0,9,8
rpmc,1000,3,2,peroxisome,103,21402,402,26,14,28,7,6,2,2,2,2,0,20,12,6,3,8,3,4,3,3,5,1,2,0,1,0,0,0,2,0,0,2,0,1,1,0,0,1,0,1,0,0,0,0,1,2,2,1,3,2,1,1,2,0,1,0,2,3,1,3,0,4,3,2,3,6,0,2,1,2,1,4,3,2,3,2,3,4,7,5,4,1,2,1,3,0,3,3,2,3,2,3,3,4,3,3,6,3,10,13
rpmc,1000,3,2,peroxisome,104,11153,393,26,20,23,10,15,13,11,8,4,7,15,19,6,8,17,2,11,6,3,6,1,1,0,1,3,2,2,3,0,0,4,3,4,3,1,5,3,2,1,0,1,2,0,1,1,1,1,1,1,0,0,3,2,1,1,0,3,1,1,0,1,0,0,1,3,3,2,1,1,2,4,1,1,1,4,1,1,5,0,1,4,5,1,2,3,1,3,1,0,4,8,5,3,10,0,5,5,9,50
rpmc,1000,3,2,peroxisome,107,9870,497,5,28,17,5,9,10,4,3,2,7,9,14,6,3,7,0,5,6,4,3,0,0,0,1,2,2,2,2,0,1,0,0,0,2,0,0,0,1,1,0,0,2,1,0,0,1,0,0,1,0,0,3,1,1,0,0,0,4,0,0,1,3,2,3,1,1,2,3,3,1,2,1,0,1,3,3,2,1,1,1,3,3,2,5,5,0,7,3,4,0,1,3,3,8,0,1,0,6,62
rpmc,1000,3,2,peroxisome,108,12563,319,19,21,23,3,8,6,5,3,1,3,6,7,6,6,7,5,6,3,2,9,0,4,1,0,0,2,0,1,0,0,1,2,1,0,0,1,0,1,1,0,1,0,0,0,0,1,0,2,1,2,0,2,1,3,2,2,4,1,2,4,2,1,4,2,4,7,2,1,2,2,9,2,1,2,2,5,5,5,0,3,2,2,5,7,0,3,4,2,0,7,9,0,4,2,4,6,5,1,11
rpmc,1000,3,2,peroxisome,109,16124,988,34,45,49,8,19,9,4,3,1,2,6,28,10,14,14,13,12,9,8,9,2,5,1,0,1,1,1,2,1,0,1,1,4,2,1,4,0,3,7,0,1,5,1,1,2,3,4,3,3,2,2,7,3,2,7,3,1,2,2,1,1,7,8,9,6,4,7,5,12,5,7,7,4,5,3,5,5,8,7,4,8,13,10,4,5,5,5,10,6,6,12,5,6,7,4,6,6,4,18
rpmc,1000,3,2,peroxisome,110,11668,159,3,7,9,3,3,2,3,1,2,5,2,0,2,0,2,0,2,1,1,2,0,0,0,0,0,0,0,0,2,1,1,2,0,0,0,0,1,0,0,0,1,1,0,0,0,0,0,0,0,0,0,2,0,0,0,0,0,0,0,0,0,0,0,0,0,0,1,0,0,0,2,1,1,1,1,0,0,1,2,0,0,1,0,0,5,1,3,0,1,0,1,0,1,2,0,1,0,1,36
rpmc,1000,3,2,peroxisome,111,10120,313,7,11,12,2,11,4,1,0,0,0,9,10,6,3,5,1,6,3,4,9,0,0,1,0,0,0,2,0,0,0,1,0,1,0,0,0,0,1,0,0,1,2,1,0,0,1,0,0,0,2,0,2,1,3,1,0,2,4,2,0,2,2,0,3,1,3,2,0,2,5,5,4,4,0,4,3,2,2,4,3,2,2,1,0,2,2,1,3,2,0,1,7,0,0,2,3,1,1,10
rpmc,1000,3,2,peroxisome,112,11454,762,35,28,27,8,10,3,3,1,3,4,11,14,6,3,7,0,11,3,2,5,1,1,2,1,1,1,2,2,0,0,3,1,1,0,3,0,0,3,1,0,1,0,1,0,1,4,3,4,3,5,3,2,3,5,4,1,5,0,3,3,2,3,5,2,2,4,3,4,7,1,2,2,3,4,0,3,6,4,2,4,4,2,0,3,5,7,7,8,0,1,2,5,1,6,3,2,1,10,50
rpmc,1000,3,2,peroxisome,113,12405,1377,85,57,51,21,20,14,14,7,10,11,17,21,19,10,25,10,29,12,11,6,8,13,12,9,4,3,3,7,0,10,2,3,6,2,1,10,9,6,5,3,3,2,3,8,4,5,5,2,7,2,3,6,4,4,6,2,7,9,5,3,3,5,6,11,6,3,3,5,8,1,0,4,5,2,8,2,1,3,4,4,3,4,2,5,1,4,7,9,6,8,12,6,4,10,9,11,7,16,117
rpmc,1000,3,2,peroxisome,114,15218,545,23,31,28,17,17,15,8,5,6,5,11,16,6,3,11,3,15,15,9,6,4,4,1,1,5,2,3,1,1,1,5,2,1,0,1,1,4,2,2,3,3,2,1,2,3,2,2,3,2,2,0,2,3,4,3,1,4,1,4,0,3,1,2,2,2,3,6,3,7,3,8,1,3,5,2,3,4,6,5,3,3,8,1,5,1,6,5,4,3,7,10,11,4,6,4,4,6,7,49
rpmc,1000,3,2,peroxisome,115,4941,208,13,9,11,4,6,5,3,3,2,3,5,8,1,0,3,1,0,0,1,3,2,0,0,2,0,0,0,3,0,0,0,2,0,1,1,4,5,2,3,0,0,0,0,3,0,1,1,2,1,2,1,0,1,1,0,0,1,0,2,0,0,2,1,3,3,0,2,3,5,2,2,0,0,2,1,1,0,0,0,1,0,2,0,1,0,0,1,2,0,0,2,2,2,1,3,2,2,5,4
rpmc,1000,3,2,peroxisome,116,9260,474,13,11,18,11,14,10,4,5,4,2,5,7,6,2,5,6,6,2,3,2,1,1,1,2,5,0,2,1,1,2,2,3,11,0,1,7,5,1,1,0,0,0,0,3,0,0,0,1,0,2,2,2,2,1,0,0,0,0,1,1,2,1,1,3,1,1,4,0,1,0,1,0,1,1,0,0,2,0,2,2,2,2,4,2,1,2,2,0,2,0,5,8,3,5,1,1,2,9,58
rpmc,1000,3,2,peroxisome,117,10740,340,19,14,26,10,3,0,0,1,2,0,8,11,3,7,6,1,6,3,4,4,0,2,0,0,0,0,0,1,0,0,0,0,1,0,3,2,2,0,2,2,5,2,0,0,1,1,2,3,3,5,1,2,2,0,1,0,0,2,4,2,0,1,1,1,0,3,2,2,3,1,1,1,2,0,2,2,5,2,0,1,1,0,3,0,1,3,1,3,3,1,2,1,3,4,5,2,0,0,0
rpmc,1000,3,2,peroxisome,118,13547,212,16,16,7,6,14,5,3,6,2,3,10,9,3,5,13,7,7,2,0,0,0,0,3,1,2,0,3,2,0,1,3,1,1,0,1,2,0,2,2,0,2,1,5,0,2,2,2,1,2,3,1,3,1,1,4,0,2,0,0,0,0,1,2,2,5,1,1,1,2,2,2,2,0,0,0,0,0,1,0,1,0,0,0,2,2,3,3,0,2,3,4,5,2,5,3,2,4,2,46
rpmc,1000,3,2,peroxisome,120,17935,412,40,25,30,12,13,3,1,1,0,2,2,4,1,4,2,4,8,4,7,7,1,4,6,2,0,1,3,1,0,1,3,0,2,1,0,2,0,2,3,2,2,2,2,5,2,1,4,2,4,2,0,2,2,4,2,3,1,2,3,0,0,2,4,0,1,1,7,5,2,3,7,0,1,4,2,3,2,0,8,2,4,3,3,5,3,6,6,3,5,4,4,2,0,4,7,2,2,7,2
rpmc,1000,3,2,peroxisome,121,4964,472,28,18,16,16,6,9,7,2,2,2,3,13,3,3,6,1,3,3,2,0,3,3,2,0,3,1,2,1,0,0,0,2,1,2,0,0,1,1,0,2,1,0,2,2,2,3,3,3,0,6,2,4,0,4,2,2,0,4,3,3,4,2,1,4,3,1,2,1,3,1,0,1,1,0,1,0,3,1,4,1,1,2,2,1,2,2,2,2,2,5,4,5,3,2,1,1,1,24,27
rpmc,1000,3,2,peroxisome,122,3907,479,4,10,12,1,2,1,0,3,1,0,0,3,3,0,3,2,1,1,0,1,0,1,0,1,0,2,0,0,0,0,0,0,0,0,0,1,1,0,0,0,0,0,0,0,0,0,0,0,0,0,0,0,2,4,1,1,2,5,2,1,1,0,0,1,0,1,0,0,1,0,0,1,0,0,0,1,2,2,2,1,1,0,0,0,2,2,0,0,0,0,0,0,0,1,0,0,0,0,0
rpmc,1000,3,2,peroxisome,123,5406,234,4,9,2,2,3,1,0,6,4,2,3,6,2,4,5,3,2,0,1,1,0,3,0,1,1,0,0,1,0,0,2,0,1,0,1,0,0,0,1,0,1,0,0,1,0,0,1,1,0,0,0,2,1,0,2,1,1,2,0,0,0,1,0,0,2,1,0,2,1,1,1,2,2,2,1,0,0,0,2,2,0,2,0,0,1,3,3,1,2,0,1,2,0,1,0,3,1,0,8
rpmc,1000,3,2,peroxisome,124,11838,429,7,16,15,3,16,2,1,2,1,0,7,20,4,10,11,5,14,7,3,6,1,2,0,0,0,0,1,0,0,0,0,5,5,0,0,4,1,0,1,0,0,1,2,2,0,3,0,1,0,2,0,2,5,6,5,0,0,1,1,2,3,2,5,3,3,5,7,2,5,1,8,4,3,3,2,2,5,2,2,1,2,4,1,1,1,1,5,3,0,6,4,3,3,1,5,2,0,0,0
rpmc,1000,3,2,peroxisome,125,13154,497,29,38,27,11,10,4,5,3,3,1,2,13,4,1,8,3,6,5,1,5,1,1,0,0,1,2,2,1,2,2,2,1,1,1,3,1,4,1,2,2,2,2,2,3,3,1,4,3,4,4,1,2,5,2,6,2,3,1,7,1,2,3,4,2,2,2,8,6,4,3,4,4,2,2,6,5,1,4,3,5,2,3,4,1,3,4,4,5,4,3,5,6,2,2,7,4,2,5,4
rpmc,1000,3,2,peroxisome,127,11387,347,1,6,5,1,0,2,0,1,4,0,18,18,10,0,7,2,9,2,2,4,0,1,0,0,0,0,0,0,0,0,2,0,2,1,0,2,0,0,3,0,1,0,0,1,1,1,1,0,3,2,0,3,3,4,0,0,5,2,4,1,1,1,4,0,0,2,1,2,5,0,13,0,2,3,1,0,0,2,0,5,5,7,3,1,0,0,1,1,2,0,5,4,4,1,2,3,1,0,0
rpmc,1000,3,2,peroxisome,128,9647,988,55,49,31,29,22,27,12,15,11,14,12,17,13,11,10,5,5,2,2,2,1,2,2,3,4,2,2,2,3,2,0,3,2,0,0,5,1,3,3,2,1,1,3,4,0,2,1,3,3,3,4,2,5,2,2,1,3,1,1,2,3,2,3,1,3,3,7,6,3,3,2,4,2,1,1,1,2,5,3,4,1,4,2,3,3,9,10,3,2,2,6,12,7,11,1,0,1,7,114
rpmc,1000,3,2,peroxisome,129,11149,442,15,28,33,20,11,5,8,5,4,3,4,9,3,1,4,3,4,2,5,9,1,3,0,2,1,0,0,0,2,3,1,0,1,0,1,1,1,0,0,1,1,0,0,1,0,0,1,0,3,4,1,1,1,1,3,1,3,0,2,0,6,4,4,1,4,3,3,0,1,2,1,2,3,0,1,2,2,4,2,3,3,0,4,0,3,4,5,5,4,1,6,3,5,5,0,4,2,1,40
rpmc,1000,3,2,peroxisome,130,12035,393,10,18,6,8,3,2,1,1,1,2,6,13,4,1,5,2,4,1,0,1,0,0,1,0,0,1,0,1,0,2,4,4,1,0,1,0,0,0,0,1,1,0,3,0,0,2,2,1,0,1,0,2,0,1,1,0,4,1,2,1,1,1,4,3,4,4,4,2,1,0,4,4,2,1,2,1,0,3,2,2,1,1,0,1,1,3,0,1,0,2,1,8,0,2,4,2,2,4,21
rpmc,1000,3,2,peroxisome,131,8279,598,22,32,22,17,24,15,14,7,6,8,15,24,11,8,7,6,8,6,6,4,1,3,3,1,5,2,1,3,1,1,1,2,3,2,4,2,6,1,0,3,1,1,2,3,1,2,1,4,1,0,1,0,2,1,1,1,0,3,1,1,3,0,2,1,5,2,2,1,0,1,4,3,1,1,2,2,5,0,2,1,1,6,2,2,6,8,6,0,6,2,6,5,11,8,0,2,6,1,108
rpmc,1000,3,2,peroxisome,132,12834,754,37,27,28,13,11,3,7,1,3,3,4,6,6,1,7,6,3,4,2,3,2,3,3,1,0,3,2,1,2,0,1,0,1,3,0,2,0,0,0,1,1,3,0,2,0,2,4,0,6,3,1,3,4,2,6,4,4,4,4,6,5,3,6,4,7,3,0,3,4,2,6,1,4,1,3,3,3,5,2,4,9,1,2,5,11,2,9,5,4,2,7,7,5,5,7,5,1,8,49
rpmc,1000,3,2,peroxisome,133,4371,53,0,0,2,0,3,0,0,2,0,0,6,1,2,0,0,1,7,0,3,2,0,1,0,0,0,0,0,0,0,0,4,0,1,0,1,0,0,0,1,0,0,0,0,0,0,0,1,0,0,0,0,0,1,0,1,0,0,0,0,0,0,0,1,0,0,1,0,0,0,0,0,0,0,0,0,1,0,1,0,0,0,0,1,0,0,2,0,1,1,0,1,0,0,0,0,1,2,0,0
rpmc,1000,3,2,peroxisome,134,13475,328,19,25,11,6,2,3,2,4,2,3,7,14,6,2,2,1,1,2,2,0,0,1,1,0,3,0,0,0,0,1,1,2,4,0,0,0,0,0,0,0,0,3,1,1,1,0,0,1,0,1,0,4,2,3,2,2,0,2,1,1,1,2,1,0,1,3,2,5,2,6,2,2,4,0,2,0,4,1,4,3,2,0,2,2,0,3,3,1,4,2,3,0,2,2,4,13,12,3,2
rpmc,1000,3,2,peroxisome,135,10013,707,34,36,37,29,32,13,4,10,9,8,8,14,6,3,7,6,7,6,7,8,5,8,3,2,3,4,2,1,3,2,2,0,11,2,1,17,12,0,2,1,0,0,0,0,1,1,1,1,1,0,0,3,1,1,2,2,1,3,1,0,3,1,3,2,0,1,1,0,0,1,3,2,1,0,0,3,3,2,2,3,8,4,6,3,5,9,4,7,2,4,15,6,3,6,1,4,3,23,74
rpmc,1000,3,2,peroxisome,136,14905,350,14,12,8,3,7,1,0,1,1,1,3,17,4,9,8,6,5,4,2,3,1,1,2,0,1,0,0,0,0,0,0,0,3,1,0,2,0,0,1,0,0,1,2,0,0,2,4,0,0,2,1,0,3,3,2,0,1,1,5,0,1,3,3,1,0,1,5,0,2,3,7,1,0,2,1,0,1,3,4,6,2,4,2,0,2,0,0,1,0,2,0,1,0,3,1,1,0,0,0
rpmc,1000,3,2,peroxisome,137,9691,641,21,24,20,8,10,8,1,1,5,6,6,19,8,2,7,4,8,5,2,4,0,1,1,2,1,1,3,2,1,0,1,0,1,2,1,4,2,0,1,0,2,0,2,1,0,0,2,2,0,2,0,2,2,2,2,0,3,0,3,2,4,2,2,8,7,0,3,0,7,4,3,1,0,1,1,0,1,2,3,2,5,6,2,0,2,4,5,1,1,1,3,3,3,7,4,5,4,1,33
rpmc,1000,3,2,peroxisome,138,11630,149,2,3,7,7,2,2,0,0,2,1,17,13,7,6,7,2,1,2,0,1,2,0,0,0,0,0,0,0,0,0,2,1,2,0,0,1,0,0,0,0,1,1,2,2,0,0,2,2,2,0,1,1,1,1,1,0,1,1,0,1,3,1,1,5,3,2,3,0,4,1,4,0,0,1,2,1,1,5,4,1,2,0,0,0,0,0,0,1,5,3,4,2,2,0,0,1,0,0,0
rpmc,1000,3,2,peroxisome,139,4398,50,3,0,2,0,0,0,0,0,0,0,1,1,0,1,1,1,0,0,0,1,0,0,0,0,0,0,0,0,0,0,1,0,0,0,2,1,0,0,0,0,0,0,0,0,0,0,0,0,0,0,0,0,0,0,0,0,1,1,0,0,1,0,1,0,0,1,0,0,0,0,2,0,1,0,0,2,0,0,0,0,0,1,0,0,0,0,0,0,0,0,0,0,2,1,0,0,0,0,0
rpmc,1000,3,2,peroxisome,140,16885,569,24,37,20,14,6,1,1,4,3,0,22,20,3,11,8,4,10,4,3,5,2,1,1,2,2,1,1,2,0,1,2,3,2,1,1,0,0,3,2,2,0,0,0,1,2,1,5,3,2,4,3,4,1,3,1,2,1,2,5,1,7,2,3,2,1,1,3,3,5,4,5,3,3,4,3,3,3,2,8,4,0,2,3,0,3,7,2,10,3,2,3,5,1,3,1,0,17,1,15
rpmc,1000,3,2,peroxisome,141,14998,1123,54,57,69,34,27,8,7,17,13,3,9,26,9,12,16,12,15,8,13,8,4,10,6,4,8,2,10,2,2,4,5,3,0,2,5,2,5,5,3,4,6,1,5,3,6,5,1,4,2,4,4,4,4,7,4,2,8,10,10,4,11,4,9,6,11,9,4,4,5,5,6,7,11,5,1,8,9,2,5,2,6,2,5,5,4,9,14,9,8,8,11,9,8,14,11,6,0,2,47
rpmc,1000,3,2,peroxisome,142,10072,1030,58,33,49,24,26,20,12,18,17,22,7,17,13,17,11,8,14,9,7,5,4,4,5,4,6,5,3,6,0,4,2,6,12,1,1,6,9,2,0,2,0,1,2,2,0,4,3,2,2,2,2,5,4,3,0,3,1,1,4,1,3,2,3,0,2,2,2,3,2,2,12,0,4,1,1,4,1,5,3,2,1,2,1,1,3,15,6,5,5,3,8,6,9,10,1,6,8,17,177
rpmc,1000,3,2,peroxisome,143,8432,574,36,29,21,15,8,8,3,6,5,3,5,8,4,4,5,7,7,2,6,1,4,2,4,2,2,2,2,1,1,2,1,2,2,0,0,2,1,1,1,2,0,4,1,1,3,2,1,0,2,4,2,4,1,2,2,4,1,5,2,7,5,2,3,0,3,0,2,2,4,1,3,0,2,0,1,0,3,1,0,2,3,2,4,0,3,5,6,2,2,7,7,8,3,6,4,7,3,4,54
rpmc,1000,3,2,peroxisome,144,6879,525,20,9,11,13,7,5,0,2,0,4,19,12,7,7,7,4,2,2,1,4,2,1,1,2,1,0,1,3,1,1,1,0,1,0,0,3,0,0,0,0,0,1,1,1,1,0,1,0,0,2,2,1,2,2,0,1,3,0,0,1,2,2,2,4,0,3,2,2,3,4,2,2,0,3,1,1,1,1,4,4,2,2,1,2,5,1,3,0,5,0,4,2,1,8,1,1,0,3,35
rpmc,1000,3,2,peroxisome,145,15591,477,11,18,11,2,6,2,0,0,1,0,9,35,11,7,7,2,3,8,0,3,1,1,0,1,0,0,0,1,0,0,1,1,4,1,0,1,0,1,1,0,1,1,5,1,1,2,3,4,2,0,0,2,1,4,1,1,3,1,0,1,0,0,2,2,1,3,2,3,1,0,1,0,2,2,2,3,4,3,2,3,9,7,1,3,1,4,0,0,0,0,0,2,1,0,0,1,0,0,0
rpmc,1000,3,2,peroxisome,147,15794,1877,93,78,83,20,20,8,8,10,13,12,9,18,11,8,20,17,18,9,12,10,7,9,3,2,6,3,2,6,0,4,4,2,11,4,4,24,5,5,5,5,7,3,3,7,5,9,4,5,7,8,5,8,6,10,4,6,1,7,9,7,4,7,5,9,6,6,6,3,11,7,12,2,7,5,4,6,4,2,4,5,3,7,0,7,6,9,5,9,11,10,16,11,5,10,4,6,9,21,78
rpmc,1000,3,2,peroxisome,148,5072,134,1,7,5,0,0,2,0,0,2,0,7,8,7,5,9,2,3,1,2,1,0,0,0,1,0,1,0,0,0,0,3,0,0,1,0,0,0,0,0,0,1,0,1,0,0,0,2,1,0,0,0,0,1,2,2,0,4,0,0,1,1,0,1,1,3,0,5,1,1,0,3,0,1,1,1,1,2,0,1,2,0,2,1,1,0,0,0,1,0,1,1,3,1,0,2,1,0,0,0
rpmc,1000,3,2,peroxisome,149,16608,712,41,27,31,13,13,10,6,7,5,4,9,24,10,11,11,9,8,4,4,2,5,1,4,5,2,2,1,1,1,2,2,4,1,4,2,2,2,0,3,1,2,2,0,5,1,3,2,2,3,4,2,3,4,5,0,3,2,3,4,5,1,5,6,3,6,6,5,6,7,6,3,2,3,1,2,3,1,8,11,7,5,5,2,3,6,5,7,6,4,3,11,6,2,10,7,7,7,5,46
rpmc,1000,3,2,peroxisome,150,14998,1122,69,53,44,44,33,14,11,14,9,20,13,9,10,19,27,16,6,10,14,13,5,4,5,5,4,4,5,4,1,8,3,3,4,1,2,7,12,2,3,1,1,1,0,0,4,5,6,4,2,7,5,3,4,9,8,4,7,8,6,3,4,3,7,7,10,1,3,5,1,6,10,1,5,3,4,5,0,3,2,6,7,7,3,4,7,7,4,10,8,8,9,8,2,16,1,12,6,18,133
rpmc,1000,3,2,peroxisome,151,8325,365,18,11,6,6,2,2,1,2,2,2,3,7,3,3,2,2,1,3,0,2,2,0,1,0,2,1,1,0,1,0,1,0,3,1,0,0,0,0,1,0,0,1,0,1,0,1,0,0,2,0,0,0,1,0,1,0,1,3,0,1,3,1,0,7,1,4,1,4,3,5,6,1,0,1,2,1,0,1,2,4,1,2,2,3,1,2,1,1,2,3,2,3,1,0,0,0,1,2,12
rpmc,1000,3,2,peroxisome,152,10624,382,17,20,21,11,8,2,1,4,1,1,8,5,5,7,4,2,4,2,6,5,2,1,2,1,1,1,0,2,1,0,0,1,0,1,1,0,0,0,0,0,1,1,1,1,3,1,0,4,1,2,3,2,5,1,2,4,1,3,2,2,4,1,0,2,4,4,5,2,9,2,4,6,1,1,0,5,4,2,3,6,4,4,2,1,6,1,5,2,0,4,4,1,3,2,2,4,1,2,15
rpmc,1000,3,2,peroxisome,153,5414,565,20,13,13,6,13,2,1,2,0,2,0,14,5,2,7,4,5,5,4,2,2,3,2,1,0,0,1,1,0,0,0,0,1,0,0,0,0,1,0,0,1,3,0,0,0,1,0,0,1,2,0,1,2,2,1,1,5,1,3,2,3,3,5,1,5,3,4,3,2,1,2,5,3,6,0,1,1,3,3,2,2,3,3,1,0,1,1,2,0,2,2,2,1,1,0,1,0,1,0
rpmc,1000,3,2,peroxisome,154,11151,459,34,23,17,14,14,4,7,4,3,4,10,1,5,3,7,5,6,1,1,0,0,6,0,1,1,1,5,2,0,2,2,1,3,0,2,0,0,0,2,0,1,0,0,2,1,0,1,0,4,2,1,2,3,3,2,2,0,0,1,1,2,3,1,0,1,0,0,1,4,2,3,0,2,1,2,4,3,1,4,3,2,1,2,1,4,1,5,3,3,4,1,3,2,4,1,10,7,0,33
rpmc,1000,3,2,peroxisome,156,13421,340,21,22,21,4,1,1,1,2,3,0,16,14,12,4,8,3,4,0,4,0,1,0,0,1,0,0,1,2,1,1,3,1,1,1,3,0,0,1,2,1,5,0,2,1,1,2,2,7,2,2,2,2,0,2,1,0,4,2,1,2,3,0,4,5,2,1,1,3,7,5,3,1,2,6,1,1,1,2,2,1,1,1,3,4,2,2,6,2,5,3,0,3,0,2,7,4,1,1,0
rpmc,1000,3,2,peroxisome,157,1794,702,116,25,43,19,16,9,9,2,2,7,8,2,9,5,8,1,9,7,14,8,8,5,3,3,3,0,0,0,1,0,0,0,0,0,1,0,3,0,1,0,3,1,2,2,1,0,1,0,2,0,1,5,2,3,3,1,5,2,1,1,5,4,0,1,1,1,3,1,1,0,2,0,0,0,1,0,1,1,3,1,1,0,1,1,0,2,1,1,2,2,6,2,1,1,2,2,1,2,27
rpmc,1000,3,2,peroxisome,158,9041,518,25,23,27,12,6,5,0,3,4,1,6,7,5,2,7,7,8,8,7,6,2,1,0,2,0,2,0,4,0,2,1,2,1,0,1,0,0,0,1,1,5,0,1,3,2,1,3,7,2,4,2,2,1,4,2,8,2,4,1,6,4,7,4,4,7,4,1,2,6,6,2,2,1,2,6,4,5,4,3,3,1,3,4,1,3,11,5,4,2,3,7,4,2,4,4,5,6,5,31
rpmc,1000,3,2,peroxisome,159,9783,510,19,41,31,20,9,4,2,6,0,8,7,11,5,9,11,5,9,4,5,4,0,2,1,1,1,1,1,2,0,1,1,0,3,0,2,2,0,0,1,0,2,1,1,0,2,0,2,3,2,1,0,3,2,3,2,0,2,2,2,1,3,2,2,2,0,2,2,3,0,3,5,4,1,2,1,1,1,2,2,3,2,3,2,1,2,3,5,5,3,3,7,2,5,11,5,3,0,1,36
rpmc,1000,3,2,peroxisome,160,11327,379,13,24,14,7,6,7,0,0,3,2,15,8,2,5,4,1,7,2,0,3,0,0,0,1,0,0,1,1,1,0,2,0,0,1,0,1,1,1,0,1,2,0,1,0,1,0,1,1,1,0,0,2,2,1,0,0,0,1,1,1,1,1,1,2,2,7,0,1,1,2,2,5,3,2,0,1,2,0,2,2,0,1,1,1,2,2,7,2,0,0,0,2,1,5,1,0,2,3,29
rpmc,1000,3,2,peroxisome,161,8533,816,33,36,51,26,27,22,20,9,13,15,14,14,8,10,18,8,11,11,7,5,2,1,4,4,4,3,4,0,2,2,3,0,1,0,1,4,0,3,0,3,1,2,0,2,2,2,1,1,0,0,3,5,2,0,2,1,1,1,1,0,1,2,2,3,1,1,2,1,1,4,1,2,1,1,0,4,2,1,3,5,3,3,2,4,8,6,6,5,4,1,10,7,13,13,1,5,4,2,154
rpmc,1000,3,2,peroxisome,162,9556,600,44,45,33,7,16,8,5,3,2,3,4,7,4,5,8,8,8,3,11,4,3,5,3,3,2,1,1,2,0,3,0,2,3,0,0,0,0,1,0,0,1,2,1,0,2,2,0,4,2,3,3,1,4,0,3,2,5,2,3,2,2,5,2,2,2,4,7,2,4,1,3,5,6,3,2,5,5,8,6,6,3,5,5,5,5,7,3,5,2,10,3,2,2,5,0,3,1,4,51
rpmc,1000,3,2,peroxisome,163,13115,490,22,20,30,13,11,7,2,6,0,0,20,18,2,2,11,5,7,5,4,3,1,2,0,5,2,1,0,0,0,0,1,2,0,0,1,2,0,0,3,1,0,1,1,0,2,1,3,1,3,2,5,4,8,6,1,2,7,0,4,4,2,2,9,3,6,5,6,6,3,0,1,3,5,3,3,5,4,3,4,2,1,2,4,1,1,2,1,4,0,0,4,3,0,2,6,5,1,3,2
rpmc,1000,3,2,peroxisome,164,9101,228,15,12,6,6,3,1,2,3,1,2,6,4,3,4,0,1,3,0,0,0,1,0,0,0,0,0,1,0,1,1,1,2,1,0,1,0,4,1,1,1,5,1,4,2,2,1,0,1,1,1,0,0,2,0,1,0,1,1,1,0,0,0,0,0,1,0,0,0,2,1,1,1,1,1,2,1,0,0,0,0,0,0,0,0,1,0,3,3,1,2,2,2,1,1,0,2,0,1,1
rpmc,1000,3,2,peroxisome,165,13880,448,26,15,23,8,1,2,3,3,2,1,16,10,8,7,15,5,18,2,3,4,0,3,1,2,2,1,0,1,1,3,6,2,1,1,3,1,1,0,4,1,3,4,0,3,4,6,3,8,5,3,5,5,1,4,4,2,4,4,2,7,4,1,5,3,4,0,3,3,1,4,5,1,1,3,3,2,2,5,7,4,4,1,3,3,3,6,2,3,2,2,6,6,5,4,3,11,5,4,18
rpmc,1000,3,2,peroxisome,166,9734,476,34,21,21,11,10,8,5,6,7,6,15,10,12,11,10,4,7,3,4,2,4,7,3,6,1,3,5,3,1,1,1,4,2,0,3,0,11,0,2,1,0,0,2,2,1,1,4,4,3,3,2,4,4,1,2,2,0,2,1,2,0,5,3,0,0,2,0,0,3,2,0,3,1,3,1,1,2,1,4,1,1,3,2,1,5,3,1,7,4,6,8,8,0,8,0,3,4,11,71
rpmc,1000,3,2,peroxisome,167,5774,326,14,11,4,3,3,0,0,4,2,2,4,9,2,10,4,4,2,1,0,2,0,0,0,0,0,1,0,0,0,0,0,0,0,1,0,0,0,0,0,0,0,1,1,0,0,0,0,1,1,0,1,1,2,0,1,1,0,2,0,1,1,0,0,1,0,0,0,0,0,0,1,2,1,0,0,0,0,2,2,0,0,1,0,0,1,2,0,0,0,0,0,2,1,1,0,1,0,1,0
rpmc,1000,3,2,peroxisome,168,10855,265,14,17,11,5,4,2,0,1,0,0,9,11,1,3,1,3,7,3,5,1,0,2,0,0,0,0,0,1,2,0,0,2,1,0,0,1,1,0,2,2,0,0,1,1,1,0,0,1,1,0,1,1,3,2,0,0,1,0,1,3,2,1,5,2,3,0,4,1,0,1,3,1,1,1,0,0,4,3,0,0,1,0,2,1,4,2,3,1,1,6,1,2,1,4,1,4,0,1,6
rpmc,1000,3,2,peroxisome,169,11064,517,15,45,25,12,21,4,5,6,8,5,9,9,6,6,4,1,10,5,1,1,0,1,3,0,2,0,0,1,2,3,1,2,1,1,0,5,2,0,0,2,2,1,1,1,1,1,0,0,1,2,0,2,2,0,2,0,1,0,0,2,0,1,2,2,2,0,1,2,1,2,3,1,3,2,7,1,3,4,1,3,0,2,1,3,4,4,3,6,1,3,2,6,4,15,1,3,0,2,63
rpmc,1000,3,2,peroxisome,170,14913,1266,60,56,45,22,22,17,10,16,16,15,20,34,18,11,11,9,15,8,8,13,4,4,3,9,4,2,3,4,4,4,3,4,8,0,3,3,5,4,0,2,5,2,3,4,3,3,3,1,3,3,3,3,3,3,3,4,5,3,6,3,2,4,2,3,6,4,6,4,4,2,6,1,4,0,1,1,5,6,7,5,8,8,4,8,3,9,11,9,4,6,19,16,8,13,6,3,17,9,116
rpmc,1000,3,2,peroxisome,171,15916,633,19,31,23,20,14,3,1,8,5,6,2,9,10,5,11,6,9,7,2,6,3,1,0,1,2,1,4,0,1,2,0,2,3,1,2,2,1,1,2,0,1,2,2,0,2,1,2,5,5,1,1,2,5,3,6,3,7,1,5,2,3,5,2,7,3,2,3,3,1,1,6,3,0,4,2,5,5,4,2,3,4,3,3,5,2,6,9,7,7,6,3,5,6,6,4,1,1,2,45
rpmc,1000,3,2,peroxisome,172,8182,412,21,23,26,8,7,6,1,3,2,1,3,5,2,2,2,5,5,1,1,5,1,2,0,1,0,2,1,0,0,0,3,2,3,2,1,1,1,1,2,2,1,0,1,2,1,1,1,1,1,0,0,2,6,2,3,1,1,3,1,0,3,2,1,2,2,2,2,0,2,2,7,1,1,2,6,3,3,0,6,3,1,3,1,3,3,3,8,2,3,5,7,2,3,2,4,1,1,2,0
rpmc,1000,3,2,peroxisome,173,4473,209,11,10,9,7,7,5,2,1,3,3,5,6,6,2,6,1,5,3,1,2,4,1,3,1,0,0,0,0,0,1,0,3,0,1,1,0,1,5,1,0,0,1,0,1,0,1,0,1,0,0,1,1,0,1,0,0,1,0,0,0,0,1,1,2,1,2,2,0,0,3,1,1,0,1,0,0,1,1,1,1,3,4,0,2,1,4,0,0,0,3,3,2,3,4,0,3,1,0,25
rpmc,1000,3,2,peroxisome,175,12744,635,23,48,46,21,12,10,5,9,13,6,9,15,14,6,11,5,11,1,5,6,0,3,6,4,0,2,3,4,3,2,0,1,3,0,1,1,7,0,2,0,1,1,4,1,3,3,4,4,2,2,3,6,4,4,2,4,3,4,5,2,2,3,3,1,4,5,1,2,10,1,1,1,4,2,4,5,3,5,1,3,5,5,3,2,4,5,9,3,5,9,8,10,7,11,1,1,3,2,73
rpmc,1000,3,2,peroxisome,176,9489,322,11,19,7,13,5,7,4,2,7,3,4,6,1,3,2,3,4,5,0,2,0,1,1,1,3,2,1,3,0,1,2,0,4,1,0,0,0,0,0,0,0,2,0,0,0,1,0,0,0,0,0,1,0,0,0,0,0,0,0,0,1,1,0,4,3,1,1,2,3,1,2,2,0,1,4,2,1,0,3,1,0,1,4,2,5,1,1,5,2,1,5,4,1,7,0,2,0,4,43
rpmc,1000,3,2,peroxisome,177,12391,569,23,20,25,17,7,6,5,4,5,1,9,9,3,7,4,4,6,4,3,1,4,4,1,1,0,1,1,2,1,2,1,5,1,2,1,0,0,0,2,3,0,0,0,0,0,0,0,1,1,5,2,2,4,0,2,3,3,2,1,2,1,6,4,1,3,4,4,1,6,3,6,10,1,0,0,0,5,0,0,3,1,3,0,2,2,7,6,7,2,3,5,4,6,6,1,2,0,7,52
rpmc,1000,3,2,peroxisome,178,2030,311,26,13,17,16,11,9,9,9,6,3,6,0,7,4,1,1,5,6,1,0,0,0,0,3,3,1,1,2,1,0,1,2,5,2,0,3,2,0,0,1,1,2,0,1,2,0,2,2,1,1,0,1,0,1,1,0,2,0,0,1,1,5,1,2,2,2,1,1,0,3,5,1,1,2,0,1,2,2,1,1,2,1,3,1,4,2,1,2,5,1,6,2,1,2,1,2,6,3,49
rpmc,1000,3,2,peroxisome,179,8858,276,27,23,19,10,12,7,4,5,1,8,11,5,3,5,8,2,2,4,1,3,0,1,2,3,1,2,3,2,0,2,0,0,4,1,1,0,3,5,0,0,2,0,0,0,0,4,1,1,1,2,1,4,1,3,0,2,1,0,0,2,3,2,0,1,0,5,1,2,3,2,1,1,1,0,1,2,0,1,2,1,0,0,0,2,0,3,3,0,5,4,7,8,3,1,2,1,6,4,45
rpmc,1000,3,2,peroxisome,180,9493,723,29,34,34,4,7,2,3,2,5,0,14,18,7,10,6,3,7,4,5,2,3,2,3,1,2,1,0,1,1,0,1,2,4,1,0,1,0,0,1,2,2,4,4,1,1,5,1,2,5,0,5,1,2,3,5,3,5,5,6,3,8,3,9,2,4,3,2,5,3,1,3,5,4,4,3,3,5,5,3,7,2,4,2,1,3,6,4,6,2,8,3,3,0,2,5,0,2,9,11
rpmc,1000,3,2,peroxisome,181,13308,424,25,23,25,11,8,2,2,1,1,0,6,9,1,2,4,2,4,3,7,0,0,1,1,0,0,1,1,0,2,1,1,1,3,0,0,1,0,0,2,1,2,0,0,3,1,0,1,2,2,2,1,1,4,3,6,3,2,2,4,5,3,2,2,4,3,1,0,4,2,4,5,2,6,4,2,1,2,2,6,4,1,2,3,6,3,3,3,3,3,3,4,0,1,2,3,4,13,6,10
rpmc,1000,3,2,peroxisome,182,10005,397,20,11,18,9,6,5,4,3,5,4,11,10,8,3,5,3,8,2,5,4,2,1,0,1,1,0,1,1,0,1,1,2,0,0,0,0,0,1,0,0,0,0,1,1,1,2,1,0,0,0,1,4,2,2,0,2,1,3,1,0,2,1,1,1,1,1,7,2,3,5,4,0,3,0,2,1,2,3,0,2,1,1,2,2,4,1,0,1,0,4,6,3,3,0,7,5,4,1,27
rpmc,1000,3,2,peroxisome,183,12181,284,9,18,13,2,4,0,2,2,2,1,3,7,2,1,2,0,2,1,1,3,0,5,1,0,2,0,0,0,1,1,0,0,0,1,0,1,2,0,1,0,0,1,2,1,3,0,0,0,0,1,0,0,2,0,2,1,1,2,0,2,1,3,1,1,1,3,0,0,7,0,1,1,1,2,4,2,3,3,2,0,1,3,1,1,4,2,2,0,1,1,2,2,1,2,0,2,1,3,16
rpmc,1000,3,2,peroxisome,184,17082,891,35,53,46,20,10,6,2,4,3,1,10,17,12,9,13,9,17,5,11,14,7,5,1,2,0,2,1,0,1,3,2,5,5,3,1,0,4,4,7,4,7,1,11,3,4,3,2,1,2,1,0,7,5,3,4,3,8,6,3,4,5,2,4,3,5,3,7,11,7,3,7,5,6,5,6,6,13,9,1,6,1,5,8,2,10,9,7,15,10,12,6,6,4,5,6,10,13,0,0
rpmc,1000,3,2,peroxisome,185,8053,544,19,14,10,6,12,1,2,3,3,2,2,9,2,4,4,3,6,2,1,5,2,3,1,1,0,0,0,1,2,0,0,1,1,0,1,1,2,0,1,1,0,1,3,1,0,0,0,3,2,2,4,2,3,2,3,4,4,1,0,4,5,2,4,1,4,2,3,1,0,4,3,1,0,3,3,1,4,1,2,2,4,5,2,2,0,1,4,0,1,5,2,7,3,3,2,2,1,3,23
rpmc,1000,3,2,peroxisome,186,12977,527,22,31,31,24,26,14,5,7,8,13,12,10,7,7,4,6,11,6,9,3,4,1,0,2,3,2,4,2,2,2,0,1,7,0,2,2,4,2,5,0,2,1,1,0,1,0,1,3,4,5,1,3,2,0,1,1,1,1,5,2,1,1,2,5,3,3,3,2,1,8,6,1,1,0,3,4,2,6,1,3,0,3,6,5,1,3,4,9,3,4,11,2,2,6,2,3,2,4,94
rpmc,1000,3,2,peroxisome,187,12287,549,24,19,25,12,17,6,11,9,7,6,10,14,15,13,11,9,8,7,3,1,2,2,4,4,4,2,0,1,2,3,0,1,1,1,0,3,12,5,2,1,0,2,1,1,0,0,1,1,0,0,3,1,0,0,0,0,1,1,1,0,2,3,1,2,0,2,0,2,2,1,1,3,2,0,3,3,4,1,3,1,1,0,2,2,3,1,1,2,2,4,8,7,4,12,1,1,4,7,96
rpmc,1000,3,2,peroxisome,188,13936,466,28,14,26,17,11,4,4,3,5,3,6,6,5,1,7,9,7,5,2,8,0,5,2,2,1,0,0,0,1,0,0,0,0,1,0,1,0,1,2,1,5,1,3,1,2,3,3,3,2,2,4,3,6,1,2,1,3,6,3,4,1,1,5,2,2,1,4,2,4,1,6,2,0,1,2,2,3,4,0,6,2,0,1,1,0,4,3,8,3,3,7,3,2,3,3,2,1,0,20
rpmc,1000,3,2,peroxisome,189,9218,492,19,20,16,13,13,4,6,3,9,13,4,8,3,4,2,1,7,3,2,4,0,4,0,2,4,1,2,1,2,1,2,0,2,1,0,0,1,1,0,0,0,1,1,0,0,0,0,0,0,0,0,1,0,2,1,1,0,2,0,0,1,0,1,2,2,5,4,0,2,1,3,5,0,1,3,2,2,1,2,1,1,3,1,0,0,2,4,2,1,4,5,4,4,11,0,2,2,3,80
rpmc,1000,3,2,peroxisome,190,19487,518,21,7,21,7,13,4,3,4,7,5,15,20,8,1,13,5,5,4,8,2,0,3,1,0,0,2,2,0,0,1,3,2,2,0,1,2,2,0,2,0,1,1,1,1,0,1,1,2,1,4,1,4,3,6,1,2,2,2,2,4,2,0,3,1,2,2,3,2,7,5,9,4,2,1,0,2,4,5,4,4,2,7,2,3,8,3,4,2,3,3,3,8,6,8,4,1,2,6,46
rpmc,1000,3,2,peroxisome,191,10036,353,18,16,17,8,8,3,4,4,3,4,7,2,4,1,2,2,3,3,1,0,3,1,1,4,1,0,2,1,3,2,3,1,1,0,1,1,0,0,1,3,1,0,1,0,0,1,0,0,0,2,1,1,2,0,4,2,0,3,0,0,0,3,4,2,0,4,1,0,0,3,8,3,2,1,2,3,5,0,2,0,1,1,1,1,7,1,1,5,1,2,4,1,3,3,1,6,6,4,18
rpmc,1000,3,2,peroxisome,192,5699,41,0,2,1,0,2,1,0,0,0,0,0,1,1,0,0,0,0,3,0,0,0,1,0,0,0,0,0,0,0,0,0,0,0,0,0,0,0,0,0,0,1,0,0,0,0,0,0,0,0,1,0,1,0,0,0,1,0,0,0,0,0,0,1,0,1,1,1,1,1,0,0,0,0,2,1,0,0,0,1,0,0,0,0,1,0,1,0,0,2,0,1,0,0,0,1,0,0,0,0
rpmc,1000,3,2,peroxisome,193,2399,93,7,14,2,3,2,1,0,1,2,3,0,3,1,0,1,1,0,1,1,1,0,0,0,0,0,0,0,0,0,0,0,0,0,0,0,1,1,0,0,0,0,0,0,0,0,0,0,0,0,0,0,0,0,1,0,1,0,0,0,0,1,0,0,0,0,1,1,0,1,0,1,0,0,0,0,2,0,0,0,0,0,1,0,0,0,1,2,1,0,1,0,0,3,4,0,1,0,0,29
rpmc,1000,3,2,peroxisome,194,9191,157,2,6,4,1,0,1,1,0,0,1,11,8,2,2,1,1,0,2,1,0,1,2,0,0,0,0,0,0,0,0,5,0,0,0,0,0,0,2,0,0,0,1,1,3,0,1,1,0,2,0,2,0,3,3,1,0,1,1,0,0,0,1,0,0,0,0,0,3,0,0,1,1,0,1,0,1,0,2,1,0,2,0,0,0,0,0,0,0,0,0,0,0,0,0,0,0,0,0,0
rpmc,1000,3,2,peroxisome,195,5766,590,37,15,22,26,12,11,9,2,3,5,1,7,5,2,7,4,7,3,3,2,0,3,1,2,0,3,2,0,2,0,0,2,1,0,0,1,1,1,1,3,1,2,0,1,2,1,2,4,1,1,1,2,2,1,3,1,3,1,1,1,0,2,4,3,4,1,5,1,2,1,2,3,1,2,3,1,2,4,1,4,3,1,2,1,1,4,0,5,1,5,3,5,4,6,0,3,2,5,44
rpmc,1000,3,2,peroxisome,196,10033,348,17,24,24,15,8,3,2,1,0,2,3,5,1,2,8,0,11,3,4,9,1,3,0,1,0,1,1,2,0,0,2,1,0,0,0,0,1,0,1,0,1,1,1,0,1,0,1,0,0,1,2,3,1,1,3,3,2,0,1,0,3,1,3,6,3,4,9,1,2,5,3,2,2,4,5,2,5,2,1,0,2,2,2,2,2,4,8,5,10,3,1,4,5,1,6,3,2,1,8
rpmc,1000,3,2,peroxisome,197,7574,355,6,20,20,7,15,1,0,0,0,1,3,8,4,1,3,2,8,6,2,1,0,4,1,0,0,1,1,0,1,0,0,2,0,0,0,0,0,2,0,1,2,0,1,1,1,1,1,1,3,2,6,2,3,1,2,1,7,0,0,0,1,0,5,2,4,4,6,4,5,4,3,4,2,1,2,3,2,1,5,4,1,2,1,2,3,2,1,1,3,1,7,2,1,0,3,0,0,0,0
rpmc,1000,3,2,peroxisome,199,8505,539,29,22,23,15,20,7,4,2,1,5,5,11,7,7,6,7,8,6,1,3,1,4,2,1,0,0,1,0,0,0,0,1,0,0,0,2,0,2,1,0,2,0,2,3,3,2,4,4,7,2,9,4,3,4,4,1,4,3,3,3,5,2,6,0,6,3,3,0,5,4,4,3,2,2,2,4,3,3,5,2,1,1,2,4,3,5,5,2,1,4,6,3,1,4,3,3,1,6,38
rpmc,1000,3,2,peroxisome,200,7256,314,27,12,8,7,9,0,0,2,1,1,2,9,1,2,0,1,2,2,1,1,0,0,0,0,0,0,0,0,0,0,0,1,0,1,1,1,0,4,2,1,4,2,7,2,3,4,3,3,0,2,3,0,1,3,4,1,2,2,1,0,0,1,1,1,0,1,1,1,2,0,1,0,0,1,1,1,1,0,3,1,1,7,1,1,2,3,1,1,2,1,1,1,0,2,1,1,3,5,3
rpmc,1000,3,2,peroxisome,201,12566,505,19,22,23,8,14,4,0,4,3,3,3,6,2,3,5,1,7,8,3,5,3,1,0,1,0,0,0,2,0,1,0,1,2,1,0,1,0,2,0,0,0,0,0,1,1,3,1,0,3,0,1,4,2,1,2,0,1,2,3,0,3,3,4,0,2,2,4,1,1,0,1,4,1,0,1,5,4,4,2,6,5,3,0,2,0,3,3,3,1,2,4,4,1,4,2,2,15,1,0
rpmc,1000,3,2,peroxisome,203,2340,198,9,15,7,1,2,0,0,2,0,1,1,7,2,1,1,4,3,3,1,0,0,0,0,3,0,0,1,1,0,0,0,0,2,0,1,0,0,1,2,0,0,2,2,1,1,2,2,0,1,0,0,3,0,1,0,1,2,2,0,0,2,2,3,0,2,1,0,0,0,0,2,2,0,1,1,0,1,0,0,2,0,2,2,1,0,1,2,0,1,2,1,1,2,0,0,0,0,1,0
rpmc,1000,3,2,peroxisome,204,11537,1107,63,47,55,21,29,9,8,3,4,3,11,11,4,10,18,8,16,8,9,11,2,5,1,2,4,2,3,0,2,2,3,1,1,3,2,2,3,0,3,2,3,1,0,3,1,0,3,1,3,1,4,5,4,4,3,5,4,11,8,7,5,5,5,8,8,5,5,3,4,2,5,2,1,2,4,5,7,3,4,4,3,5,1,3,5,5,8,6,6,4,5,2,6,8,3,2,3,1,51
rpmc,1000,3,2,peroxisome,205,8713,494,15,19,15,8,9,2,2,1,3,2,7,9,6,5,5,9,6,2,9,2,2,4,3,1,0,0,0,0,0,0,3,1,0,0,0,1,0,1,0,2,4,2,2,0,1,1,0,1,4,0,2,4,2,0,2,1,3,0,0,3,3,1,2,0,2,1,5,0,4,1,2,1,1,0,0,3,1,1,0,1,0,5,0,2,0,0,1,1,3,1,0,3,6,4,1,0,2,1,20
rpmc,1000,3,2,peroxisome,206,11343,386,12,23,10,4,5,0,0,4,1,1,14,13,6,2,0,5,2,5,1,0,1,0,1,4,1,0,1,0,0,0,1,1,1,0,2,0,0,1,2,0,1,3,3,2,2,6,2,1,2,1,1,3,3,2,3,3,3,4,3,3,9,2,4,1,2,1,2,0,0,0,3,1,0,3,2,1,4,3,2,3,1,1,2,1,2,3,2,0,1,2,1,1,2,1,0,1,0,11,9
rpmc,1000,3,2,peroxisome,207,14010,448,16,27,24,11,19,2,1,0,1,0,8,5,3,4,5,2,4,3,8,4,0,0,0,3,1,1,0,1,0,2,1,1,0,1,1,3,0,4,3,1,3,0,1,6,3,0,5,1,2,1,1,5,4,1,2,1,3,0,2,2,1,3,3,4,1,1,3,5,4,3,7,0,1,2,2,3,3,2,1,2,2,1,4,1,4,3,5,3,2,5,5,3,1,5,0,6,2,0,26
rpmc,1000,3,2,peroxisome,209,11760,530,16,33,21,29,14,8,8,2,1,1,12,12,9,3,6,3,5,2,0,3,2,2,0,1,1,2,1,1,0,1,0,1,0,0,0,0,2,1,1,1,0,0,3,1,2,2,1,4,2,2,2,2,4,1,1,3,2,6,3,1,3,0,2,0,1,2,1,0,3,0,3,2,1,0,1,3,3,2,3,1,3,2,4,4,1,7,6,2,4,1,1,2,3,11,1,2,0,2,30
rpmc,1000,3,2,peroxisome,210,9529,294,18,19,24,4,2,2,0,1,1,3,3,5,2,2,3,4,3,1,2,3,4,0,0,1,1,0,2,1,4,2,1,1,1,0,0,0,2,1,1,1,1,1,2,0,1,0,0,4,3,3,2,1,1,2,0,2,4,2,4,3,0,1,2,3,2,1,2,1,0,2,4,1,1,2,0,1,2,1,1,1,3,0,0,1,5,5,0,2,2,3,0,2,4,0,3,5,16,1,0
rpmc,1000,3,2,peroxisome,211,11459,696,31,21,24,20,25,20,4,8,6,7,8,16,9,4,9,2,8,5,9,3,0,3,5,5,4,2,2,2,1,1,2,0,4,0,1,1,4,5,2,0,2,2,0,2,0,1,3,0,0,3,1,2,1,0,2,0,0,0,0,0,1,1,2,2,1,0,0,3,4,2,2,1,2,1,0,0,2,1,2,2,0,0,2,0,4,5,0,5,1,7,10,10,4,10,2,5,10,2,91
rpmc,1000,3,2,peroxisome,212,12396,514,19,18,33,6,18,4,1,2,0,2,14,16,5,8,4,2,4,3,4,4,3,4,1,0,0,3,0,0,0,0,3,4,0,0,3,2,1,1,3,2,4,2,2,2,2,4,1,0,4,5,4,2,2,5,3,3,5,8,4,9,3,3,8,4,9,3,6,0,5,2,14,7,5,1,4,5,5,5,4,8,1,9,2,5,2,0,2,3,4,6,5,6,2,1,3,7,13,1,6
rpmc,1000,3,2,peroxisome,213,4023,638,140,15,92,42,17,23,12,6,2,6,1,2,3,3,17,7,9,19,13,13,14,6,2,0,1,0,0,0,0,0,0,0,0,0,0,4,5,0,1,0,1,1,1,0,1,1,2,3,2,4,5,5,5,2,6,5,4,20,6,10,5,2,3,3,11,9,6,5,1,0,0,1,2,1,0,1,2,0,0,2,0,0,0,2,1,0,3,5,4,1,1,0,0,0,0,0,0,0,0
rpmc,1000,3,2,peroxisome,215,4250,1838,97,71,20,21,17,5,4,2,4,4,3,6,11,8,16,7,12,8,8,8,8,6,7,5,5,1,1,3,1,1,0,1,1,0,0,0,1,2,0,0,2,1,1,4,3,1,4,3,2,1,3,2,5,7,4,3,4,3,9,6,4,7,12,14,5,2,4,4,7,3,2,6,1,2,5,3,10,4,1,5,4,11,6,1,4,10,4,6,8,3,4,3,7,1,3,2,3,7,15
rpmc,1000,3,2,peroxisome,217,7901,552,43,30,26,11,6,1,2,2,2,1,10,9,2,3,7,5,14,3,1,7,1,3,3,2,0,0,3,1,0,2,1,2,1,1,2,1,1,5,4,0,3,2,5,3,3,1,3,6,2,6,1,3,1,3,5,0,5,2,3,3,5,2,5,3,2,2,5,1,2,1,3,2,3,6,1,0,6,1,3,2,1,4,5,2,3,4,8,3,3,4,1,6,4,5,3,7,6,5,20
rpmc,1000,3,2,peroxisome,218,4722,1562,61,54,26,9,11,8,2,3,1,1,3,10,17,4,18,8,12,7,7,5,4,3,6,4,1,1,4,1,0,0,0,1,1,0,0,0,3,1,1,1,5,2,4,5,4,2,1,7,2,4,2,5,5,3,5,2,7,2,4,2,3,5,6,4,1,1,0,2,0,3,4,3,1,3,4,2,4,1,3,1,1,0,3,1,4,0,6,1,2,3,0,1,0,0,1,0,1,3,0
rpmc,1000,3,2,peroxisome,219,13738,616,29,33,29,7,8,5,3,0,2,3,9,6,6,5,10,7,0,4,6,5,3,1,0,1,2,5,2,1,0,4,3,0,0,2,4,1,2,1,3,2,1,0,1,0,0,0,3,4,0,0,2,2,3,1,1,2,3,2,1,5,2,7,5,1,4,6,3,1,5,3,1,3,1,4,5,5,2,2,2,1,4,6,7,3,2,2,4,6,6,3,2,4,5,9,1,3,0,3,31
rpmc,1000,3,2,peroxisome,220,25094,473,28,11,27,12,2,4,3,6,3,1,4,3,3,4,3,3,2,3,5,4,0,3,0,1,0,1,2,2,1,2,1,1,0,0,0,0,0,2,0,0,1,2,0,1,0,0,0,2,3,2,0,1,1,2,2,1,2,4,1,3,0,1,9,2,4,3,1,5,2,3,2,3,2,3,4,3,1,2,2,2,0,1,3,3,0,7,6,3,2,5,1,4,7,3,3,6,3,4,43
rpmc,1000,3,2,peroxisome,221,10084,633,33,23,23,10,24,12,4,7,6,6,10,10,10,8,17,9,10,8,11,2,3,4,1,2,5,1,6,5,0,2,0,2,3,3,0,4,6,1,2,0,1,1,0,3,1,1,2,0,2,4,1,2,5,5,1,1,1,1,1,1,5,4,3,2,1,3,3,3,7,4,5,3,2,0,1,1,2,3,1,2,5,1,2,1,6,2,4,4,7,6,11,10,5,8,3,6,7,9,126
rpmc,1000,3,2,peroxisome,222,8282,2493,97,63,31,19,10,1,2,2,0,0,2,8,6,3,7,5,7,8,4,3,2,2,1,0,2,0,1,0,1,1,0,0,0,2,1,1,1,2,0,1,3,0,2,5,2,3,4,3,1,2,0,9,5,3,2,9,7,11,2,3,5,8,10,6,3,4,1,3,7,0,3,1,2,2,5,3,1,4,4,3,3,3,6,6,8,11,6,7,2,5,2,4,3,3,3,2,1,6,19
rpmc,1000,3,2,peroxisome,224,11669,534,46,24,26,13,7,2,2,1,0,0,4,7,3,7,6,4,8,8,4,4,0,2,0,3,0,0,2,0,0,0,2,0,1,0,1,2,0,5,4,1,2,2,3,10,1,5,6,5,4,4,3,2,4,5,6,5,4,3,3,4,1,6,2,0,4,4,2,0,3,0,3,2,0,1,0,1,2,4,2,3,1,0,0,2,4,4,7,1,4,2,2,2,0,7,2,2,1,9,7
rpmc,1000,3,2,peroxisome,225,9526,297,3,12,13,6,12,2,1,0,0,0,11,19,5,2,6,9,10,2,5,4,1,0,0,0,0,0,0,0,0,0,1,0,0,0,1,0,0,0,1,0,0,2,3,0,0,0,1,0,2,2,0,2,2,2,2,2,6,1,3,7,1,0,4,3,6,2,2,1,4,1,7,2,2,5,1,3,1,6,3,1,2,3,0,0,0,0,1,2,0,5,3,1,2,0,4,0,0,0,0
rpmc,1000,3,2,peroxisome,226,17064,402,9,6,34,15,24,1,3,0,1,0,14,19,9,10,7,3,14,3,6,7,3,2,2,2,0,0,0,0,1,0,0,2,4,1,1,0,0,0,0,0,0,0,1,2,0,0,2,1,3,3,2,1,0,6,3,2,5,6,6,5,4,3,4,3,9,3,4,3,6,5,7,3,7,3,1,2,3,4,5,6,6,5,6,3,2,0,7,6,3,4,5,2,3,3,6,7,1,0,0
rpmc,1000,3,2,peroxisome,228,2587,54,6,1,3,0,0,0,0,1,0,1,1,2,2,0,0,2,0,1,0,0,0,0,0,0,0,1,0,0,0,0,0,0,0,0,0,0,0,0,0,0,0,0,0,0,0,0,0,0,0,0,0,0,0,0,0,0,0,0,0,0,0,0,1,0,0,0,0,0,0,0,1,0,0,0,0,0,0,0,0,0,0,0,0,0,0,0,0,0,0,0,0,0,0,0,0,0,0,0,0
rpmc,1000,3,2,peroxisome,229,7417,225,13,16,10,3,2,1,0,1,0,1,0,4,1,1,1,1,2,1,0,2,0,0,0,0,0,0,0,0,0,1,0,1,1,0,2,1,1,2,1,3,0,1,1,5,2,2,3,2,2,0,0,0,0,0,2,3,0,1,1,1,2,1,0,0,0,2,0,0,0,3,0,0,1,0,0,0,1,1,1,0,0,0,0,1,1,4,3,4,0,1,1,0,1,1,0,0,0,0,0
rpmc,1000,3,2,peroxisome,230,9172,526,29,23,18,9,3,8,2,2,2,2,3,11,1,3,4,2,4,7,1,2,2,0,2,1,1,0,1,1,0,2,1,3,0,1,1,1,0,0,1,1,0,0,1,0,0,1,1,2,1,1,3,1,2,0,0,0,2,1,4,2,2,3,2,5,1,3,1,2,3,1,2,2,1,3,0,1,0,0,1,3,5,1,0,0,3,5,1,2,3,2,3,2,5,5,2,2,3,2,33
rpmc,1000,3,2,peroxisome,231,9862,97,5,8,2,0,4,1,0,0,1,1,11,3,4,3,0,1,6,0,2,0,0,0,0,0,0,0,0,0,0,0,0,1,0,0,1,0,0,0,0,0,1,1,1,1,0,0,3,2,0,0,1,3,3,1,1,1,1,0,1,2,0,0,0,1,1,1,1,0,0,2,1,1,1,1,0,1,1,0,1,0,0,0,0,2,0,1,0,0,1,1,0,0,0,0,0,4,6,0,0
rpmc,1000,3,2,peroxisome,232,5524,1196,0,7,0,1,0,0,0,0,0,0,0,0,1,0,2,0,1,0,0,0,1,0,0,0,0,0,0,0,0,0,0,0,0,0,0,0,0,0,0,0,0,0,0,0,0,0,0,0,0,0,0,0,0,0,0,0,0,0,0,0,0,0,0,0,0,0,0,1,0,0,0,0,0,0,0,0,0,0,0,0,0,0,0,0,0,0,0,0,0,0,0,0,0,0,0,0,0,0,0
rpmc,1000,3,2,peroxisome,233,9736,479,37,19,24,13,15,3,6,7,5,2,9,14,7,5,14,6,9,8,6,9,0,0,1,2,3,5,2,0,3,2,1,2,0,1,2,1,1,2,0,0,1,1,1,1,0,0,5,1,1,1,3,3,0,2,0,0,2,1,0,2,2,1,3,2,3,2,3,1,3,3,11,5,3,4,1,0,0,3,2,3,2,1,4,0,2,2,6,3,4,2,11,3,2,9,1,4,11,4,44
rpmc,1000,3,2,peroxisome,234,11105,146,5,5,2,1,0,0,1,0,0,0,3,4,1,2,4,1,3,1,1,1,0,0,1,1,0,1,0,0,0,0,0,0,4,1,0,1,0,0,1,0,0,1,0,0,0,0,0,0,0,0,2,0,0,0,0,0,1,1,1,0,2,0,0,0,0,1,1,0,1,0,0,0,1,0,0,1,0,0,0,1,6,1,0,1,0,1,0,1,0,0,0,0,0,1,0,0,0,0,1
rpmc,1000,3,2,peroxisome,235,10678,660,40,42,28,23,17,11,7,3,5,8,20,13,9,6,16,6,10,11,9,0,6,1,3,5,1,5,1,1,3,2,1,3,2,2,0,2,1,3,2,2,0,1,0,2,2,2,1,1,1,0,1,5,5,2,2,2,0,7,2,4,5,6,8,5,8,3,3,2,2,7,3,3,2,3,5,11,1,4,4,0,3,3,3,2,3,6,6,9,5,3,7,5,5,5,3,4,1,7,78
rpmc,1000,3,2,peroxisome,236,10928,625,30,43,34,13,5,4,1,4,0,1,2,11,4,6,1,7,4,3,5,4,3,2,1,0,4,0,2,0,2,1,1,0,2,1,1,1,0,3,2,3,0,0,1,3,2,3,3,1,4,2,3,6,1,8,2,5,4,1,3,4,2,4,8,1,3,4,4,2,2,4,4,3,8,2,2,2,4,5,4,4,2,3,7,0,2,4,2,7,1,6,7,2,1,2,1,2,10,0,0
rpmc,1000,3,2,peroxisome,237,6861,535,18,21,38,11,9,2,1,1,3,0,8,10,4,11,10,7,7,2,8,9,0,6,2,1,0,0,1,1,0,0,0,0,2,1,2,5,1,0,0,2,1,2,1,3,2,3,3,3,2,5,3,0,2,5,2,1,2,4,3,2,4,2,7,3,0,5,5,3,4,2,2,4,1,4,2,3,4,10,2,7,1,0,5,2,5,2,2,7,5,3,3,1,3,4,2,2,0,0,0
rpmc,1000,3,2,peroxisome,238,7789,300,14,13,14,5,0,0,0,1,0,2,11,7,5,0,4,0,1,4,3,0,0,0,1,0,1,0,0,2,1,1,1,0,2,0,0,0,1,0,2,1,1,0,0,0,0,1,5,2,1,4,3,1,1,3,2,1,1,0,1,1,2,0,1,3,1,0,0,2,3,1,1,0,1,1,3,1,3,1,1,0,0,1,2,0,1,5,3,3,0,0,2,1,3,2,0,2,4,4,16
rpmc,1000,3,2,peroxisome,239,14157,335,15,22,11,9,5,3,3,9,1,3,7,8,6,7,4,4,4,5,4,4,0,1,1,1,1,0,2,3,0,0,3,3,0,0,1,1,0,0,0,1,0,0,0,2,0,0,0,2,0,0,0,2,0,0,3,1,1,0,1,1,1,1,2,0,0,0,2,0,1,2,6,0,0,3,4,0,4,1,3,2,3,1,1,4,4,4,2,3,1,1,1,3,2,3,0,1,1,1,38
rpmc,1000,3,2,peroxisome,240,4959,265,13,8,6,3,0,4,2,1,0,2,1,0,2,0,1,2,2,1,3,1,3,0,1,1,1,2,0,0,0,0,0,0,0,0,1,0,0,0,0,0,0,0,0,0,0,0,1,0,0,0,0,2,0,1,1,1,1,0,1,1,0,1,1,2,0,1,0,0,1,2,0,1,0,1,1,0,1,0,0,0,0,0,1,5,1,0,1,0,1,0,0,3,0,0,0,0,0,0,10
rpmc,1000,3,2,peroxisome,241,4873,273,11,9,9,7,7,5,5,1,4,4,1,10,1,3,4,0,5,0,1,1,1,0,0,0,2,1,2,1,1,0,0,0,0,0,0,1,1,0,0,0,0,0,1,1,0,0,0,2,0,0,2,1,1,0,0,1,1,0,1,0,0,2,1,1,0,0,0,2,2,0,1,0,1,0,1,1,0,0,2,0,4,3,1,0,0,0,1,0,1,0,3,3,1,3,0,0,0,6,33
rpmc,1000,3,2,peroxisome,242,5325,287,9,13,2,3,1,0,0,0,1,0,0,0,2,0,0,2,1,3,1,0,2,1,1,0,0,0,0,0,0,0,0,0,0,0,0,0,0,0,3,1,0,0,1,3,2,0,1,1,1,2,2,1,3,2,2,0,0,1,0,0,1,2,0,0,0,1,0,0,0,3,1,0,1,0,1,0,0,0,0,0,0,0,0,0,0,0,0,1,1,2,0,0,0,2,0,0,1,1,0
rpmc,1000,3,2,peroxisome,243,16210,1070,39,54,50,21,25,12,4,5,4,1,11,10,12,5,12,7,13,9,8,5,4,2,3,3,3,2,0,0,1,2,0,2,1,1,1,0,0,1,4,0,1,5,2,1,0,2,2,3,5,5,4,4,7,2,6,3,6,7,6,4,6,3,6,2,11,12,2,2,5,3,2,2,1,4,7,7,4,5,5,6,10,3,7,2,9,8,4,3,5,5,3,7,7,4,3,5,0,4,32
rpmc,1000,3,2,peroxisome,244,13681,634,23,20,27,14,14,4,4,2,5,3,12,18,7,11,8,6,12,6,2,3,3,5,4,1,2,4,2,1,0,2,0,2,4,0,0,1,0,1,3,2,2,0,0,0,2,1,2,3,5,1,5,2,3,4,1,2,1,2,3,0,4,2,8,3,3,3,3,1,3,4,4,3,1,4,7,3,0,7,2,2,11,4,2,5,5,3,4,3,2,6,7,7,2,5,5,3,0,1,29
rpmc,1000,3,2,peroxisome,245,6448,705,32,39,39,24,22,11,14,8,5,7,6,5,3,6,5,3,9,7,3,6,4,5,0,4,0,2,0,1,2,1,1,1,0,0,1,2,0,1,0,0,1,1,1,0,1,1,0,2,3,1,2,1,7,7,9,1,0,8,7,4,3,1,3,4,3,5,5,1,1,3,4,1,0,2,2,3,2,3,7,7,2,2,8,4,2,8,4,5,2,3,4,3,8,8,3,3,1,5,72
rpmc,1000,3,2,peroxisome,246,12007,323,17,15,25,14,10,6,1,4,1,3,10,9,3,5,7,5,8,3,2,4,1,1,0,0,0,1,1,2,0,1,3,4,0,1,1,1,1,0,0,0,2,1,1,2,1,1,0,4,2,3,2,6,0,2,1,5,4,1,0,3,4,2,3,5,3,2,2,4,6,3,3,1,2,0,1,3,1,2,2,3,0,5,2,2,0,1,0,3,1,1,1,2,4,2,3,1,3,2,28
rpmc,1000,3,2,peroxisome,247,12589,504,2,13,11,1,14,1,2,0,0,0,3,19,6,6,12,5,7,7,4,2,1,2,1,0,0,1,1,0,0,0,1,1,2,0,0,1,0,0,0,0,0,0,1,0,0,0,0,1,3,2,0,3,1,1,0,1,4,1,2,4,1,1,2,2,6,1,4,1,4,2,16,1,1,1,3,2,0,1,3,2,5,1,1,1,0,0,0,0,1,3,2,0,0,1,5,3,0,0,0
rpmc,1000,3,2,peroxisome,248,14927,832,51,45,41,13,24,10,6,4,4,5,4,13,7,5,7,2,9,10,2,8,4,3,1,2,2,0,0,1,3,0,0,2,0,0,0,2,0,0,2,2,0,1,1,2,1,3,3,0,1,3,5,2,7,5,7,13,9,6,7,16,4,5,4,5,7,4,2,2,3,3,4,8,2,3,1,3,3,4,3,8,5,2,5,4,0,9,7,8,5,5,3,4,2,1,2,1,0,4,27
rpmc,1000,3,2,peroxisome,249,2757,489,76,29,51,29,15,11,3,6,4,2,3,0,6,3,7,6,6,3,4,1,4,3,0,1,3,1,0,1,0,0,1,0,0,0,0,1,0,0,1,1,1,0,2,3,2,1,1,3,1,1,1,1,0,3,1,1,1,1,0,0,0,0,3,1,2,0,1,0,2,2,0,1,1,1,2,2,0,1,1,0,0,4,1,1,0,3,1,0,0,3,6,2,4,6,5,2,3,11,39
rpmc,1000,3,2,peroxisome,250,11205,480,29,25,19,4,7,1,2,1,0,2,7,9,9,5,3,6,2,5,2,6,0,3,1,1,0,0,1,0,0,0,1,1,0,2,2,1,1,0,0,1,1,1,0,1,0,0,1,3,2,1,1,6,2,3,1,2,5,2,3,2,2,1,7,0,2,3,2,0,3,2,3,3,2,4,1,1,3,1,5,4,0,1,2,3,1,6,6,3,3,2,3,6,1,0,1,1,4,7,8
rpmc,1000,3,2,peroxisome,251,13281,383,11,22,14,2,7,1,2,3,1,1,12,19,8,5,14,2,6,3,6,5,1,3,1,2,0,1,1,1,0,2,3,0,2,0,1,1,0,0,0,1,2,0,1,0,0,1,1,1,3,2,1,1,2,1,2,1,2,2,2,2,2,2,2,2,8,1,6,3,12,0,12,4,4,2,0,0,2,6,1,3,4,2,2,0,2,2,3,5,4,2,6,2,3,2,2,3,5,5,5
rpmc,1000,3,2,peroxisome,252,7247,295,12,12,12,4,6,3,1,2,2,1,9,13,6,4,8,4,2,3,0,0,2,1,0,0,0,2,1,0,0,1,2,1,0,0,0,0,1,0,2,2,1,1,2,0,2,0,2,0,4,1,2,2,3,1,1,4,1,1,0,0,2,1,1,2,7,0,3,1,3,4,3,1,2,2,2,3,1,4,3,0,4,3,3,4,2,0,2,3,1,3,5,0,0,2,4,0,0,0,0
rpmc,1000,3,2,peroxisome,253,3957,71,0,2,3,0,2,0,1,0,1,0,2,9,1,0,0,1,1,2,0,0,0,1,0,0,0,0,0,0,0,0,0,0,0,0,0,2,0,0,0,0,0,0,0,0,0,0,0,0,1,0,0,0,0,0,0,0,0,0,1,0,0,0,0,0,2,0,0,0,0,0,1,0,0,0,0,0,0,1,0,2,3,0,0,0,0,0,1,1,0,0,0,1,0,0,0,0,0,0,0
rpmc,1000,3,2,peroxisome,254,9631,221,3,1,11,2,11,1,0,3,0,0,6,11,8,2,1,3,4,0,1,3,0,0,0,0,0,0,0,0,0,0,1,1,0,0,0,1,0,0,1,0,0,1,0,0,1,1,3,1,0,1,1,2,0,0,0,3,2,2,0,0,0,0,1,0,2,1,2,0,1,0,0,0,2,0,0,2,1,1,2,2,1,3,5,1,0,1,2,4,1,3,0,1,2,3,0,0,1,0,0
rpmc,1000,3,2,peroxisome,255,9699,556,23,32,26,14,12,3,4,4,2,0,3,3,4,5,9,8,4,6,3,2,1,7,4,1,1,1,0,2,1,0,1,0,0,0,1,0,0,0,3,2,2,1,0,2,2,1,0,4,5,3,5,4,3,2,3,4,5,3,6,5,3,4,7,5,8,2,6,2,3,4,1,3,1,5,3,3,0,3,4,4,1,1,1,1,2,5,9,1,4,0,7,5,4,4,1,1,0,11,20
rpmc,1000,3,2,peroxisome,256,9721,954,50,34,28,34,21,13,8,4,8,6,9,18,14,4,4,4,11,8,3,10,4,3,5,3,2,2,1,2,1,1,2,3,2,1,2,1,1,3,0,1,2,1,0,2,1,0,0,0,2,2,2,3,3,3,3,3,5,0,3,6,5,6,9,9,6,4,3,6,9,5,9,1,5,1,1,3,3,3,4,6,3,4,1,3,3,5,8,4,5,6,10,3,8,13,2,6,0,4,89
rpmc,1000,3,2,peroxisome,257,11614,176,25,13,6,1,3,2,0,0,0,1,3,4,1,2,2,2,4,0,0,1,1,0,1,1,0,0,0,0,0,0,0,2,1,0,1,2,5,3,1,9,1,1,1,1,2,1,4,2,1,0,1,0,1,2,1,2,1,0,1,2,1,0,0,0,0,1,2,0,0,1,0,0,1,1,0,1,3,2,1,0,1,2,1,2,2,2,0,2,2,2,3,0,1,1,2,0,2,0,0
rpmc,1000,3,2,peroxisome,258,12478,559,28,23,17,3,3,4,4,2,7,4,9,7,8,1,3,8,7,1,3,4,3,0,3,0,0,3,1,0,0,1,3,1,0,0,3,2,0,0,0,0,0,1,1,0,0,2,0,1,0,0,0,5,2,5,0,2,4,2,1,2,3,3,5,3,1,0,1,3,0,2,0,4,0,3,2,4,2,1,4,0,1,3,2,0,1,3,2,1,3,2,2,2,2,9,4,0,3,1,44
rpmc,1000,3,2,peroxisome,259,4893,614,15,27,22,6,12,4,5,5,1,2,4,11,2,7,6,3,6,5,5,0,1,1,2,0,0,0,1,1,0,1,0,1,1,1,1,3,0,2,1,1,1,0,1,1,2,3,0,1,2,1,2,0,0,1,3,5,5,2,0,2,2,2,1,2,4,2,1,2,0,3,1,1,2,1,3,0,2,2,5,2,3,0,2,1,5,3,3,1,3,2,0,1,0,1,0,2,0,1,1
rpmc,1000,3,2,peroxisome,260,11665,1072,58,51,42,21,6,12,10,6,4,5,9,11,8,4,8,5,11,6,6,2,6,4,6,4,1,0,0,2,0,1,0,0,0,3,0,2,2,3,6,6,4,5,10,1,1,4,4,2,2,3,5,6,2,6,4,10,6,0,4,3,4,7,3,7,2,5,6,2,6,4,4,2,2,4,2,5,3,1,3,1,1,3,2,5,4,5,7,6,3,4,6,8,3,7,4,3,1,10,52
rpmc,1000,3,2,peroxisome,261,13123,507,20,18,23,13,6,2,2,0,0,1,4,11,2,8,8,10,13,9,5,2,3,0,2,0,0,1,0,1,0,1,1,0,1,3,2,0,3,4,3,5,3,1,8,0,1,2,0,2,3,1,1,3,1,4,3,0,2,4,5,1,2,9,3,4,3,3,2,3,2,1,7,6,3,1,1,2,2,4,2,5,4,3,3,3,2,2,3,4,6,8,6,5,1,0,2,5,1,1,0
rpmc,1000,3,2,peroxisome,262,6727,300,19,12,19,6,8,0,1,0,0,0,8,6,3,1,5,3,5,1,5,1,2,2,0,0,1,0,0,0,0,0,0,0,0,0,2,0,1,0,0,0,0,0,0,1,0,3,1,1,0,1,2,2,2,2,4,2,3,2,4,1,0,3,0,4,7,1,1,1,6,1,12,1,2,2,1,1,3,0,1,1,6,1,1,0,2,5,0,2,4,5,3,2,0,1,3,0,0,0,0
rpmc,1000,3,2,peroxisome,263,7281,223,12,6,6,6,9,2,4,5,5,4,3,2,3,2,6,3,2,3,1,1,1,1,0,0,0,0,1,0,1,5,0,0,0,0,1,1,2,5,1,0,1,0,0,1,0,0,0,1,0,1,0,1,1,1,0,0,0,1,0,0,0,0,0,0,0,0,0,0,0,2,0,0,0,0,0,1,0,0,2,1,1,0,1,0,0,0,1,2,0,2,5,3,1,6,0,0,2,1,49
rpmc,1000,3,2,peroxisome,264,9374,391,32,20,19,5,5,5,2,1,1,2,5,9,3,3,2,2,7,2,0,6,1,2,1,3,1,0,0,1,1,1,2,0,2,0,2,0,0,1,1,1,3,3,0,1,2,3,1,1,6,1,1,5,2,3,0,3,1,1,1,2,1,1,2,1,2,1,1,1,1,2,1,2,0,3,1,3,4,1,3,0,2,8,4,4,1,2,7,4,4,3,7,3,2,5,5,2,5,6,3
rpmc,1000,3,2,peroxisome,265,11377,328,12,8,15,7,5,1,1,1,4,0,14,12,8,5,10,0,5,4,1,6,0,0,1,1,1,0,0,2,0,1,2,0,0,0,1,2,0,1,1,0,0,1,0,2,0,2,2,0,4,3,1,0,1,0,2,2,2,4,0,3,1,1,2,2,1,3,3,2,0,4,2,1,1,0,1,0,2,3,8,3,1,1,1,1,0,0,3,1,2,0,4,2,1,3,2,1,1,0,21
rpmc,1000,3,2,peroxisome,267,11465,634,33,29,36,15,17,9,15,7,5,3,16,14,14,8,9,8,7,8,7,4,2,1,0,2,1,4,3,3,1,2,3,1,2,5,2,1,0,2,3,1,4,0,4,0,2,3,2,2,3,3,1,4,3,2,4,5,6,2,2,8,2,3,2,2,5,1,2,1,4,3,5,1,3,2,2,5,3,4,5,3,0,2,2,6,9,3,6,4,4,3,6,6,3,7,2,4,2,4,61
rpmc,1000,3,2,peroxisome,268,7816,350,1,4,5,0,1,0,0,1,0,0,12,24,9,6,4,3,3,0,2,5,0,0,0,0,0,1,0,0,0,0,0,3,1,0,0,0,0,1,2,0,0,1,1,2,0,0,3,1,4,1,1,0,1,2,3,1,0,1,0,0,1,0,2,1,1,3,7,1,4,1,2,1,1,0,0,1,1,2,2,0,1,3,2,0,0,0,2,0,0,0,2,2,1,0,2,1,2,0,0
rpmc,1000,3,2,peroxisome,269,6913,207,9,7,3,6,7,6,1,3,2,1,1,0,2,2,1,0,0,0,0,1,0,0,1,0,0,1,2,2,0,0,0,0,0,0,0,0,0,0,0,0,0,0,0,0,1,0,0,0,0,0,0,0,1,1,0,0,0,0,2,2,1,0,0,1,1,2,3,3,2,0,0,0,1,1,0,0,0,0,1,2,5,2,2,3,1,1,0,0,0,0,1,0,3,1,1,0,0,2,27
rpmc,1000,3,2,peroxisome,270,11874,686,54,52,37,34,28,18,13,7,11,10,12,7,10,8,14,11,17,9,5,7,10,8,1,5,7,2,6,1,3,3,3,3,3,2,0,6,7,16,5,2,4,1,0,1,2,1,2,1,2,2,2,2,2,3,5,3,7,4,3,1,6,1,4,1,5,1,3,2,2,5,3,4,4,0,0,6,6,2,0,0,6,4,1,4,3,1,1,3,4,7,12,12,13,12,1,4,7,7,135
rpmc,1000,3,2,peroxisome,271,5839,569,16,13,21,6,7,3,1,2,0,1,10,15,6,5,7,4,12,4,9,4,1,3,2,0,0,2,0,0,0,0,3,2,4,0,1,3,0,0,3,0,2,1,3,2,1,0,3,0,1,3,1,6,3,1,3,4,4,5,3,2,5,3,6,1,3,1,3,3,7,1,5,3,1,0,3,1,2,5,3,5,3,5,4,2,1,1,2,2,3,4,5,6,1,0,3,1,3,1,0
rpmc,1000,3,2,peroxisome,272,3370,322,0,0,0,0,0,0,0,0,0,1,0,4,0,3,0,0,0,0,0,0,0,0,0,0,0,0,0,0,0,0,0,0,0,0,0,0,0,0,0,0,0,0,0,0,0,0,0,0,0,0,0,0,0,0,0,0,0,0,0,0,0,0,0,0,0,0,0,0,0,0,0,0,0,0,0,0,0,0,0,0,0,0,0,0,0,0,0,0,0,0,0,0,0,0,0,0,0,0,0
rpmc,1000,3,2,peroxisome,273,9675,623,33,24,20,12,6,7,1,5,0,2,11,10,8,7,5,4,7,8,7,2,2,1,3,1,0,0,0,0,2,0,2,4,1,1,1,1,0,1,2,2,1,2,0,2,1,1,3,3,0,3,1,2,1,6,0,5,1,1,2,1,1,4,2,5,2,3,7,1,1,3,0,8,8,3,3,4,3,4,3,2,5,5,1,2,1,3,5,8,9,8,2,5,4,6,5,4,1,2,13
rpmc,1000,3,2,peroxisome,274,8274,370,6,22,10,7,10,3,2,3,0,1,8,4,1,5,4,6,7,6,1,9,1,3,0,2,1,1,0,0,1,0,0,0,0,0,0,0,0,0,2,1,1,0,2,1,2,1,0,1,2,0,0,2,4,1,1,0,1,1,1,2,2,1,2,1,0,1,3,0,8,0,8,0,3,1,1,2,3,3,4,2,1,2,0,0,0,1,2,2,4,5,7,4,0,2,0,2,1,0,8
rpmc,1000,3,2,peroxisome,275,6564,412,15,29,22,9,2,0,0,1,1,1,5,8,1,3,7,3,2,3,4,2,0,1,1,0,1,1,1,2,2,1,1,2,1,1,0,1,1,0,1,0,1,1,0,0,0,0,0,0,2,0,1,4,3,0,2,2,2,4,1,0,2,0,1,1,1,1,3,2,2,1,4,4,4,8,1,1,3,1,1,2,1,1,1,3,1,3,3,5,2,3,2,1,2,2,2,1,3,1,0
rpmc,1000,3,2,peroxisome,276,12072,342,18,13,19,11,4,3,0,2,1,1,5,5,1,1,4,3,2,4,4,6,0,2,2,0,1,0,0,1,0,1,0,1,0,2,0,1,0,0,0,1,1,1,2,1,4,2,1,2,3,3,2,2,1,1,0,2,2,1,4,2,2,1,3,2,1,2,1,9,4,1,5,3,2,1,0,1,0,4,1,0,2,5,0,3,2,1,2,4,5,4,1,0,2,1,2,4,2,1,0
rpmc,1000,3,2,peroxisome,277,12682,281,5,7,18,8,7,1,0,2,2,0,12,11,6,6,9,5,7,6,1,8,0,2,1,1,0,0,0,0,0,0,2,2,0,0,1,0,0,0,2,0,0,0,1,1,1,1,0,0,2,3,0,0,1,1,0,0,1,2,3,0,0,0,1,1,8,6,3,0,9,1,3,1,2,0,0,3,5,2,4,2,5,4,3,0,3,1,2,5,0,3,9,4,1,1,2,2,1,0,0
rpmc,1000,3,2,peroxisome,278,10516,766,29,52,39,35,26,17,18,14,13,14,10,6,13,9,10,12,5,8,3,4,4,4,5,6,3,3,7,2,6,2,3,3,3,3,3,1,3,1,1,2,4,2,0,0,3,0,0,1,4,1,1,1,2,4,1,2,2,3,1,3,0,5,2,2,3,1,2,1,4,6,0,3,2,2,0,2,1,0,1,2,3,2,0,1,4,5,1,6,2,1,8,7,10,24,0,3,0,6,147
rpmc,1000,3,2,peroxisome,279,14856,361,15,23,22,11,9,2,1,3,1,0,6,10,2,3,7,6,7,10,2,4,0,2,2,3,1,0,1,2,0,1,0,1,0,1,2,2,0,1,2,2,0,1,0,1,2,2,1,1,3,3,0,4,0,2,2,0,3,6,4,4,1,2,2,2,5,3,2,1,5,2,3,2,2,0,5,6,5,2,5,1,4,4,6,3,5,2,3,1,3,5,6,3,9,2,1,4,0,0,0
rpmc,1000,3,2,peroxisome,280,10523,917,39,37,31,24,16,9,9,4,4,4,11,13,10,11,7,3,11,5,0,7,5,2,8,3,2,1,1,2,1,1,1,1,1,0,2,2,0,0,0,3,3,1,0,1,0,3,3,1,2,4,5,4,1,3,3,1,3,2,4,1,1,3,2,3,5,2,5,8,4,5,4,4,3,4,4,4,2,3,2,1,5,2,2,3,5,5,4,1,4,7,6,4,2,5,1,4,3,11,69
rpmc,1000,3,2,peroxisome,281,12991,594,28,25,41,22,10,4,2,4,2,0,7,19,5,5,7,3,10,6,6,3,2,1,3,1,2,1,0,2,1,5,2,0,0,1,0,3,2,2,2,1,0,2,1,1,2,1,3,1,6,4,2,1,3,4,1,5,1,2,4,1,3,2,8,3,2,2,5,4,6,2,8,3,2,6,3,5,3,2,5,3,3,4,4,1,7,4,3,3,4,8,9,7,3,9,7,6,2,3,26
rpmc,1000,3,2,peroxisome,282,9914,449,31,25,12,8,4,2,1,2,1,2,0,11,5,6,5,4,4,5,2,5,1,0,0,2,0,1,0,0,1,0,0,0,0,1,2,0,1,4,3,7,4,5,3,3,5,2,3,5,2,3,0,4,2,2,2,1,7,0,1,1,1,0,3,0,3,1,2,2,5,2,1,0,0,1,2,4,2,3,3,1,2,3,0,1,5,4,7,4,8,3,1,1,1,0,2,1,1,0,0
rpmc,1000,3,2,peroxisome,283,11955,358,11,17,9,5,6,0,1,3,2,0,9,13,12,1,12,5,5,2,1,6,1,1,1,1,2,0,0,0,0,0,1,3,2,0,1,1,0,1,5,1,0,2,5,2,2,3,0,3,4,2,0,2,1,3,0,4,1,3,1,3,2,0,4,3,6,4,3,1,5,0,3,2,2,1,2,2,1,3,4,0,0,1,1,2,0,2,8,1,1,2,3,0,3,4,4,2,0,3,0
rpmc,1000,3,2,peroxisome,284,16050,526,26,27,23,11,12,7,2,1,2,3,6,10,7,6,12,6,3,8,3,6,0,1,3,3,3,2,0,3,0,2,1,0,1,1,1,0,0,1,3,2,3,0,0,3,0,4,3,6,4,5,2,1,4,5,2,2,3,7,6,5,2,6,4,6,4,5,2,3,4,3,6,4,5,3,4,6,6,6,2,5,5,5,6,1,2,0,1,7,5,3,2,4,4,8,0,3,0,1,28
rpmc,1000,3,2,peroxisome,285,5086,119,0,3,6,0,0,1,0,1,0,0,2,4,2,3,7,2,5,1,1,4,0,2,0,0,0,0,0,0,0,0,1,0,0,0,0,0,0,0,0,0,0,0,0,1,0,0,0,0,0,0,0,0,1,0,2,0,1,0,3,1,0,0,0,1,2,2,2,0,2,1,5,0,0,0,3,0,0,1,1,0,0,1,2,1,0,0,1,0,0,2,2,0,0,1,1,1,0,0,0
rpmc,1000,3,2,peroxisome,286,12152,292,26,8,16,3,3,2,0,0,1,2,4,9,3,4,3,6,5,0,3,1,1,0,1,0,0,0,0,0,0,0,0,1,1,0,1,1,1,0,0,0,0,1,4,1,2,1,0,1,1,3,4,4,1,0,0,0,2,1,3,1,2,1,5,1,0,0,3,1,2,0,1,3,2,0,1,0,0,2,5,0,1,1,3,3,3,5,2,2,2,5,1,3,2,2,2,4,1,1,2
rpmc,1000,3,2,peroxisome,287,10862,206,12,8,6,5,2,2,1,2,1,2,18,9,6,2,2,2,6,0,1,3,0,0,2,0,0,0,0,0,0,0,3,0,0,0,2,0,1,0,0,0,0,2,2,2,2,0,0,2,0,1,0,1,1,0,0,1,1,2,1,1,0,5,1,1,1,3,0,2,1,3,1,0,3,2,2,1,2,0,1,1,0,1,0,0,1,0,0,0,0,0,4,3,1,1,1,0,0,3,18
rpmc,1000,3,2,peroxisome,288,9856,447,33,17,14,8,5,4,9,2,3,4,5,12,6,3,3,6,6,2,4,2,1,1,1,4,2,1,3,0,2,0,1,0,1,5,1,1,1,2,2,0,1,5,0,2,1,1,1,2,0,5,1,1,3,1,2,0,2,5,3,2,1,1,4,3,0,4,0,3,3,6,2,1,2,2,4,0,2,2,1,0,4,1,4,0,2,4,1,3,3,3,8,4,6,4,6,4,2,10,28
rpmc,1000,3,2,peroxisome,289,14026,761,61,51,33,22,14,5,12,6,12,13,17,24,9,13,12,9,18,12,10,4,3,7,4,3,3,3,2,2,3,4,2,1,0,1,2,6,8,5,2,1,4,2,2,5,7,3,4,4,3,2,2,1,5,1,4,4,6,4,5,4,2,7,3,0,3,5,7,5,6,4,6,2,2,2,3,3,5,3,1,1,2,1,6,3,3,5,2,1,1,5,9,7,3,15,2,2,8,18,99
rpmc,1000,3,2,peroxisome,290,2937,176,3,18,4,2,16,1,0,1,0,0,3,4,3,2,4,4,3,1,1,4,0,2,2,0,0,1,0,0,0,0,0,0,0,0,4,0,0,0,0,1,1,0,1,0,0,0,0,1,0,0,1,0,0,0,0,3,2,0,0,0,0,1,1,2,2,1,2,1,0,2,0,0,1,1,0,3,1,3,2,3,1,0,0,2,1,3,2,2,1,1,1,4,1,4,0,0,1,0,0
rpmc,1000,3,2,peroxisome,292,13762,628,29,27,30,5,5,2,1,2,2,1,9,15,5,6,12,3,9,7,4,3,2,2,1,4,0,1,1,0,0,1,2,4,6,1,2,3,2,4,2,3,1,3,4,0,0,0,1,3,2,2,4,1,1,2,1,3,5,3,3,4,5,3,4,4,2,1,2,3,4,2,4,6,3,4,4,4,4,3,2,3,4,7,8,4,2,3,5,5,2,4,8,3,6,6,3,4,3,4,1
rpmc,1000,3,2,peroxisome,293,10294,988,42,34,29,19,8,12,4,7,7,4,4,20,6,12,6,5,13,6,13,5,5,4,0,5,0,2,1,2,2,3,0,2,3,2,5,2,2,2,1,0,5,2,2,6,4,3,5,3,2,7,7,4,5,8,3,3,6,2,1,4,5,3,7,7,7,6,4,3,7,6,8,9,3,3,5,3,3,3,1,3,4,8,4,4,1,13,11,5,6,6,5,7,6,10,3,9,4,11,75
rpmc,1000,3,2,peroxisome,294,11096,780,70,37,38,41,27,15,16,12,11,5,22,8,13,12,7,4,5,4,10,4,5,6,4,4,1,2,1,4,1,2,5,8,7,2,3,15,9,6,0,0,2,2,2,2,2,1,5,0,4,2,2,3,2,4,1,3,0,4,3,3,1,0,5,3,8,3,6,3,2,2,3,3,2,0,5,1,1,1,0,1,3,3,2,3,4,6,4,4,1,11,10,3,11,8,2,13,15,32,100
rpmc,1000,3,2,peroxisome,295,4880,0,0,0,0,0,0,0,0,1,0,0,1,2,0,0,0,0,0,0,0,0,0,0,0,0,0,0,0,0,0,0,0,0,0,0,0,0,0,0,0,0,0,0,0,0,0,0,0,0,0,0,0,0,0,0,0,0,0,0,0,0,0,0,0,0,0,0,0,0,0,0,0,0,0,0,0,0,0,0,0,0,0,0,0,0,0,0,0,0,0,0,0,0,0,0,0,0,0,0,0
rpmc,1000,3,2,peroxisome,296,16449,362,8,30,23,4,6,5,6,1,6,1,4,4,5,5,3,1,4,2,2,5,1,1,5,1,2,0,1,1,1,0,1,0,0,1,1,1,2,1,0,2,0,0,0,0,0,0,0,0,0,1,3,3,1,0,1,1,3,0,1,0,0,3,0,1,1,0,4,2,2,2,0,2,2,1,1,1,1,2,1,1,1,0,3,0,2,1,4,6,5,1,3,1,10,10,1,2,2,0,43
rpmc,1000,3,2,peroxisome,297,10327,194,10,8,4,3,1,2,2,3,7,1,8,3,3,3,1,4,5,2,2,2,0,1,0,2,2,0,0,0,1,0,0,0,3,0,1,1,0,2,0,0,3,0,0,1,1,0,0,0,0,0,0,0,0,1,0,0,0,1,1,1,0,1,1,0,0,1,0,2,2,0,2,1,1,1,1,0,1,0,0,0,0,1,1,0,1,2,0,1,0,0,1,0,2,4,1,0,0,0,11
rpmc,1000,3,2,peroxisome,298,12003,1012,87,42,68,40,29,19,11,11,15,18,11,15,13,8,14,11,7,7,12,6,5,5,3,8,3,4,4,4,3,4,1,1,2,1,5,2,3,2,0,1,8,4,2,0,1,3,2,4,5,4,6,6,4,7,4,2,4,0,3,1,4,4,6,5,2,5,5,6,2,7,10,6,2,4,6,5,2,3,1,0,5,9,1,6,5,10,5,8,11,11,9,12,11,17,3,7,3,6,172
rpmc,1000,3,2,peroxisome,299,11362,311,9,20,27,4,10,3,0,1,2,1,6,8,3,8,5,6,13,4,3,5,1,3,0,2,1,1,0,1,0,0,1,1,3,1,0,1,0,2,0,1,5,2,4,0,2,1,5,1,1,2,0,2,2,2,3,3,2,1,3,3,2,4,5,3,9,1,4,6,5,2,4,2,0,2,1,1,2,5,4,1,3,9,4,3,3,4,3,3,4,6,4,1,1,0,3,0,0,0,0
rpmc,1000,3,2,peroxisome,300,10341,221,10,10,2,0,0,0,2,2,0,0,10,6,6,3,2,2,2,0,1,0,0,1,0,0,0,0,0,1,0,0,3,1,2,0,0,2,1,0,0,0,0,0,1,0,2,1,0,2,1,1,2,3,1,1,0,2,0,1,0,0,0,1,0,0,1,0,3,0,1,2,2,1,0,2,0,1,1,0,2,0,3,4,3,1,1,1,1,0,2,1,2,1,0,1,0,3,3,0,0
rpmc,1000,3,2,peroxisome,301,12241,187,3,6,3,1,1,2,0,1,0,0,14,5,3,2,3,0,7,1,3,7,0,4,0,1,0,0,0,0,0,0,1,0,1,0,1,1,0,1,2,0,0,0,1,1,1,1,1,0,0,0,2,2,1,3,2,0,4,1,2,1,1,0,3,1,2,0,1,2,4,1,8,2,1,1,0,1,1,3,2,1,1,1,0,0,1,0,0,1,2,2,1,0,3,1,3,2,2,0,0
rpmc,1000,3,2,peroxisome,302,8777,394,19,16,7,12,3,4,4,4,10,7,7,7,5,3,3,3,3,6,3,6,1,0,1,2,4,0,1,0,1,0,0,1,0,0,1,1,1,2,4,3,6,2,0,1,2,1,1,1,1,1,1,1,0,1,0,0,2,3,2,0,2,1,3,1,1,2,2,1,1,4,1,0,0,1,0,2,3,1,3,2,1,1,0,0,0,3,5,2,4,6,3,3,2,8,1,1,0,1,48
rpmc,1000,3,2,peroxisome,303,11279,388,35,19,26,14,3,1,0,0,2,1,3,11,4,5,7,5,5,2,2,2,1,3,1,0,1,0,1,0,1,0,3,0,4,0,2,0,0,1,4,2,4,3,0,1,2,1,4,3,5,2,2,7,2,1,0,3,1,1,0,0,3,2,3,0,2,1,0,1,4,4,2,2,4,2,1,2,3,3,2,2,3,3,3,7,6,8,2,4,2,2,6,3,4,3,1,2,1,3,2
rpmc,1000,3,2,peroxisome,304,5919,180,14,7,8,5,1,2,1,0,1,1,4,2,6,4,1,1,0,0,0,0,2,0,0,0,0,1,1,0,0,0,2,0,0,0,0,1,0,0,0,0,1,0,0,0,1,0,0,0,1,0,1,0,1,0,0,0,2,0,0,2,0,1,2,0,1,0,0,0,0,1,0,1,0,2,0,0,0,0,0,2,0,0,0,0,1,2,0,0,0,2,0,1,0,0,0,4,1,5,17
rpmc,1000,3,2,peroxisome,305,7555,139,5,2,7,2,0,0,0,2,0,0,4,5,2,2,1,0,3,1,2,0,0,0,0,0,0,0,0,0,0,1,1,1,0,0,1,0,0,0,0,0,1,1,0,0,0,1,1,2,1,0,0,1,0,0,0,0,3,1,0,0,0,1,0,0,0,0,1,1,0,0,3,2,0,1,0,0,0,0,0,0,0,0,0,0,0,1,1,0,1,1,3,3,1,1,1,0,0,0,0
rpmc,1000,3,2,peroxisome,306,9840,131,14,10,10,1,0,1,0,0,0,1,1,3,2,0,2,3,1,0,0,2,0,1,0,0,0,0,0,0,0,0,0,0,0,0,0,0,0,0,0,0,0,1,1,1,0,0,1,0,3,2,2,1,2,1,4,1,3,0,0,1,2,0,1,0,0,0,0,1,1,1,2,0,1,0,1,0,0,0,0,0,0,0,1,0,2,1,2,0,0,1,0,0,0,0,0,0,0,0,0
rpmc,1000,3,2,peroxisome,307,15401,497,15,19,20,5,17,5,1,5,1,0,7,20,10,12,10,3,8,7,7,14,2,7,1,0,0,1,0,1,0,1,1,1,1,0,2,0,0,0,1,0,1,1,2,3,3,0,3,2,4,2,3,2,3,1,4,2,1,1,7,1,2,2,3,2,4,4,9,0,8,0,7,5,7,5,4,5,6,7,9,4,8,5,3,2,0,5,1,2,4,6,2,7,1,4,4,4,4,9,4
rpmc,1000,3,2,peroxisome,308,6818,302,6,8,15,2,2,1,0,0,1,1,5,3,1,2,2,1,1,1,0,1,1,0,0,0,1,0,0,0,0,0,1,1,0,2,1,0,0,0,1,0,0,1,0,1,0,2,4,1,0,0,2,3,0,0,1,0,2,1,0,3,1,1,0,1,0,0,2,1,1,1,1,0,0,0,2,0,1,2,0,3,0,0,1,0,2,4,3,0,3,0,2,1,0,1,0,1,3,3,9
rpmc,1000,3,2,peroxisome,309,17603,179,9,4,9,7,2,0,0,1,1,0,4,8,3,1,2,2,2,3,3,3,1,0,0,0,0,0,0,0,0,0,0,1,3,0,0,0,0,0,0,0,0,0,0,1,0,0,0,0,1,0,1,1,2,0,1,2,2,1,0,0,1,2,1,0,0,2,5,1,2,0,2,1,0,1,0,1,5,4,1,0,1,2,1,0,0,1,0,1,2,2,3,0,1,1,0,1,0,0,0
rpmc,1000,3,2,peroxisome,310,6646,14,0,0,0,0,0,0,0,0,0,0,0,0,0,0,0,0,0,0,0,0,0,0,0,0,0,0,0,0,0,0,0,0,0,0,0,0,0,0,0,0,0,0,0,0,0,0,0,0,0,0,0,0,0,0,0,0,0,0,0,0,0,0,0,0,0,0,0,0,0,0,0,0,0,0,0,0,0,0,0,0,0,0,0,0,0,0,0,0,0,0,0,0,0,0,0,0,0,0,0
rpmc,1000,3,2,peroxisome,311,9788,756,46,41,36,26,18,14,12,10,14,15,11,15,16,12,14,9,15,2,10,5,7,10,6,5,5,4,4,5,2,1,1,3,4,3,3,12,11,6,0,3,1,2,0,0,3,1,3,5,8,1,7,5,7,3,1,0,1,2,1,6,4,4,7,4,4,2,1,2,4,4,0,3,2,3,2,1,4,7,4,5,4,2,0,1,2,6,4,1,0,12,15,7,3,10,4,13,7,28,99
rpmc,1000,3,2,peroxisome,312,3105,130,11,3,4,1,1,0,0,1,0,1,5,7,2,1,4,1,0,1,0,0,0,0,0,1,1,0,0,1,1,0,1,0,1,0,1,0,1,0,1,0,0,1,1,1,1,0,2,2,0,2,0,1,2,0,0,0,0,1,0,0,1,0,0,1,1,0,0,0,0,0,2,1,0,0,2,1,1,1,0,0,0,1,2,2,5,0,1,0,0,1,0,0,2,0,1,0,3,0,0
rpmc,1000,3,2,peroxisome,313,12629,418,24,18,12,2,9,4,3,0,3,1,4,11,4,4,8,2,7,6,4,4,2,3,2,1,0,0,0,0,1,1,0,0,1,0,0,0,0,0,1,0,1,1,1,2,2,1,2,3,4,1,1,3,2,1,2,3,3,1,0,6,1,4,2,3,6,1,2,2,4,4,2,3,3,3,2,2,0,7,1,5,1,2,1,7,2,4,2,4,1,6,2,1,5,1,3,2,0,5,22
rpmc,1000,3,2,peroxisome,314,8610,154,2,7,0,3,5,3,1,1,1,1,2,2,1,2,4,0,2,0,1,0,0,2,0,3,0,0,0,0,1,1,0,0,0,0,2,0,0,0,1,1,1,0,0,1,0,0,1,0,0,1,1,1,1,0,1,0,1,0,1,0,1,2,2,0,1,0,0,1,2,1,0,1,1,0,0,0,1,0,0,0,3,3,1,2,0,3,1,1,0,0,1,0,1,3,0,1,0,0,24
rpmc,1000,3,2,peroxisome,316,8482,558,14,23,30,11,14,14,6,8,4,7,5,10,6,7,9,5,7,3,7,5,4,6,1,4,3,0,4,2,0,2,0,3,2,1,2,0,0,6,2,0,2,3,2,4,0,1,0,0,1,0,1,4,2,3,0,1,1,0,2,0,2,3,0,0,1,4,0,1,4,2,2,4,1,0,3,5,1,2,3,1,1,5,3,1,4,3,5,1,4,7,5,5,2,9,4,1,0,3,66
rpmc,1000,3,2,peroxisome,317,12321,592,38,23,40,8,13,4,5,5,4,1,4,6,1,6,9,4,10,9,6,5,1,6,1,1,0,1,1,1,1,0,3,0,0,0,2,0,0,0,2,1,0,0,2,3,1,2,2,2,2,3,4,10,3,7,3,5,7,5,5,3,5,4,5,8,3,5,6,3,5,4,5,1,1,2,6,4,1,3,3,3,2,4,3,2,6,6,3,3,1,5,5,4,1,7,0,4,1,1,18
rpmc,1000,3,2,peroxisome,318,8193,442,9,21,14,5,3,1,0,2,1,0,3,11,4,8,7,3,3,6,2,9,0,7,1,3,0,0,1,0,0,0,0,1,1,0,2,2,0,0,0,0,1,2,0,1,2,2,2,0,3,1,3,3,2,0,3,0,2,3,2,2,3,2,1,5,7,1,3,1,4,1,4,1,3,3,1,3,1,4,5,3,2,2,1,1,1,1,0,3,1,4,2,2,2,1,0,1,0,1,0
rpmc,1000,3,2,peroxisome,319,5105,657,35,33,24,10,9,3,6,7,6,8,2,13,5,8,14,7,7,2,6,4,5,1,2,3,0,1,0,0,2,0,1,2,3,0,0,0,1,0,1,1,1,1,3,1,2,1,0,7,1,2,2,2,3,3,3,2,2,2,3,1,1,4,1,4,4,4,4,4,0,0,5,3,0,2,2,0,3,4,4,3,6,2,4,6,2,4,2,6,1,3,7,6,0,6,0,0,5,9,59
rpmc,1000,3,2,peroxisome,320,11716,568,30,17,10,12,8,3,0,1,0,3,4,13,5,3,5,3,4,5,5,5,2,1,1,5,2,0,2,1,1,1,4,1,4,1,1,2,1,1,2,0,3,2,1,0,1,3,3,1,3,2,2,4,1,2,0,4,4,2,1,3,3,4,0,7,10,4,7,0,5,4,3,3,6,0,3,5,4,4,7,3,8,5,1,2,1,5,5,2,9,5,4,4,5,3,5,7,2,1,3
rpmc,1000,3,2,peroxisome,321,10840,258,19,14,15,9,2,4,1,2,1,0,11,9,2,0,8,4,1,1,4,1,1,1,1,2,0,0,0,1,0,0,2,2,1,0,2,2,0,0,0,1,2,1,0,0,0,0,2,0,2,2,5,0,2,0,1,1,2,3,1,4,1,4,4,0,1,1,1,0,2,3,1,1,1,3,2,2,3,1,2,1,0,0,3,2,1,2,2,1,1,3,3,3,0,1,3,1,3,8,1
rpmc,1000,3,2,peroxisome,322,14000,8,1,0,0,0,0,0,0,0,0,0,18,1,5,1,3,0,0,0,0,0,0,0,0,0,0,0,0,0,0,0,3,1,0,0,0,0,0,0,0,0,0,2,1,0,0,1,3,1,0,1,0,1,2,3,0,0,0,0,0,0,0,0,0,0,0,0,0,0,0,0,0,0,1,0,0,1,1,1,0,0,0,0,0,0,0,0,0,0,0,0,0,0,0,0,0,0,0,0,0
rpmc,1000,3,2,peroxisome,323,8345,626,28,24,29,17,18,7,9,4,4,3,8,13,8,4,4,8,3,3,2,2,7,8,4,2,4,4,5,3,0,4,2,0,0,1,3,0,0,2,0,1,1,0,3,2,2,5,1,1,2,4,2,4,1,3,5,3,3,3,4,7,3,2,2,6,4,4,0,3,3,3,1,1,5,0,3,3,1,1,4,3,1,1,1,3,3,0,4,6,6,4,5,8,4,7,3,2,0,1,49
rpmc,1000,3,2,peroxisome,324,9370,420,28,16,15,7,5,3,1,2,1,0,2,5,4,4,6,0,7,4,2,5,2,0,0,0,0,0,1,1,2,0,0,0,1,0,0,0,1,3,1,0,3,2,3,1,1,1,2,0,1,3,1,0,2,1,3,3,1,3,0,1,4,3,5,2,2,1,5,4,5,3,4,1,1,1,3,0,2,4,2,2,2,2,4,5,2,3,2,5,2,3,1,2,0,1,4,0,3,11,7
rpmc,1000,3,2,peroxisome,326,8343,358,13,11,9,7,2,1,0,0,0,0,10,8,3,4,1,1,2,4,2,0,0,1,2,0,1,0,1,1,0,1,1,2,0,0,2,2,0,0,0,0,1,0,0,0,2,0,0,1,1,0,1,0,0,1,1,0,2,0,2,1,1,3,2,1,2,1,1,2,2,0,1,1,1,1,3,1,1,2,1,0,3,3,1,2,2,1,0,1,0,0,1,3,0,2,0,1,0,2,25
rpmc,1000,3,2,peroxisome,327,9122,206,9,11,16,5,1,2,1,2,2,4,2,0,0,1,1,0,0,0,0,1,0,0,0,1,0,0,1,1,0,2,1,0,0,0,0,0,0,1,0,0,0,0,0,0,1,0,1,1,2,0,1,0,0,1,1,0,0,1,2,1,1,1,0,0,1,0,1,1,1,3,4,0,1,1,1,1,0,0,1,2,1,0,1,1,1,2,4,3,4,0,1,0,1,1,3,3,0,0,21
rpmc,1000,3,2,peroxisome,329,11545,234,8,4,10,3,2,2,2,1,2,1,11,10,4,2,5,6,3,2,3,2,1,1,0,1,0,0,1,0,0,1,2,0,3,0,1,1,0,0,0,0,1,0,0,0,0,1,0,0,0,0,1,2,1,2,1,0,2,2,1,2,1,2,2,1,4,2,3,1,2,3,2,2,2,4,4,2,2,4,2,3,1,0,2,2,1,3,2,0,2,3,2,3,3,2,4,2,0,0,18
rpmc,1000,3,2,peroxisome,330,13648,244,7,8,9,1,5,1,0,0,0,0,3,7,1,2,0,2,3,5,2,6,1,3,0,1,1,1,0,0,0,0,0,0,0,1,1,1,0,1,1,1,1,0,0,2,2,1,2,1,0,0,0,2,0,1,0,0,1,2,0,1,2,1,3,2,8,3,3,0,2,4,2,4,3,3,1,2,1,0,3,6,3,0,0,0,2,1,0,0,1,1,3,1,2,4,2,3,1,0,0
rpmc,1000,3,2,peroxisome,331,12860,272,6,6,8,8,5,0,1,1,2,0,22,16,7,4,4,4,4,8,4,7,0,1,1,1,0,1,0,0,0,1,2,1,1,1,1,3,0,0,1,0,1,0,1,0,1,1,3,0,2,0,2,3,0,2,3,0,2,1,1,0,2,1,3,0,4,2,2,1,2,1,2,1,3,1,1,0,2,9,4,3,1,1,1,4,0,1,3,0,5,5,3,0,0,0,0,2,0,0,0
rpmc,1000,3,2,peroxisome,332,9752,203,5,1,6,1,7,1,0,0,1,0,4,8,1,1,1,0,3,2,1,5,0,1,0,0,1,1,0,0,0,0,2,0,0,0,0,0,0,1,0,0,0,0,2,0,0,0,1,0,0,0,1,2,4,0,0,1,0,1,1,2,1,4,0,0,4,1,4,1,1,0,0,0,1,0,2,1,1,1,2,2,1,0,2,0,1,0,0,1,0,1,3,2,1,0,0,2,0,0,0
rpmc,1000,3,2,peroxisome,333,14234,772,45,38,22,10,13,2,4,4,7,1,13,25,3,6,10,9,7,7,5,10,2,2,1,0,3,0,4,2,2,0,0,3,0,0,4,1,0,1,3,1,2,0,4,0,3,5,4,4,5,7,2,5,3,4,5,4,7,5,6,5,10,6,5,5,2,3,4,4,8,3,2,1,3,5,3,1,2,4,2,4,3,4,2,6,2,3,2,13,8,3,6,4,6,6,4,5,3,12,15
rpmc,1000,3,2,peroxisome,334,9438,315,9,14,20,7,4,1,0,1,3,1,17,9,5,3,7,1,5,2,3,4,0,1,0,0,0,0,0,0,0,0,3,0,1,1,1,1,0,1,1,2,0,3,2,0,1,2,6,2,2,1,1,6,1,0,2,0,1,1,0,3,1,2,0,2,1,1,1,0,4,2,3,0,0,1,0,2,2,1,3,1,2,3,1,2,1,7,9,1,1,0,0,3,1,1,4,2,1,7,2
rpmc,1000,3,2,peroxisome,335,9884,101,4,2,1,4,1,0,0,1,2,0,14,5,5,2,4,0,0,0,2,0,0,0,0,0,0,0,0,0,0,0,3,2,1,0,0,0,0,0,0,0,1,0,2,1,1,0,1,0,0,2,0,0,0,0,0,0,1,0,0,0,1,0,0,1,0,0,0,1,0,0,2,0,2,0,0,1,1,0,1,1,0,0,0,0,0,0,0,0,0,4,0,0,0,0,0,0,0,2,0
rpmc,1000,3,2,peroxisome,336,9941,1429,67,60,26,8,10,5,2,5,2,2,3,10,5,6,6,6,16,12,10,7,5,5,7,4,4,0,1,0,1,0,0,2,3,1,1,1,1,3,5,1,3,4,3,2,4,3,4,7,3,5,1,6,5,4,5,6,4,5,5,10,4,2,5,3,1,6,4,5,4,3,3,1,2,4,5,3,0,2,5,3,7,6,7,4,5,2,5,7,4,8,1,7,4,2,3,0,0,4,1
rpmc,1000,3,2,peroxisome,337,8381,212,7,6,16,2,6,0,0,0,1,0,13,24,8,5,5,10,7,3,0,3,1,2,0,2,1,0,0,0,0,0,2,2,2,0,0,0,0,0,0,1,2,1,0,1,0,2,2,1,1,0,0,3,0,3,1,0,0,1,3,0,2,2,1,0,3,3,2,2,6,1,4,1,0,0,1,1,0,3,4,4,0,1,1,0,1,0,0,1,3,1,2,5,1,1,2,2,1,1,0
rpmc,1000,3,2,peroxisome,338,6273,222,12,13,10,10,4,0,1,1,1,2,3,0,1,2,1,1,0,3,0,0,0,0,0,1,0,3,0,0,0,2,0,1,1,0,0,0,0,0,0,3,2,1,1,1,2,2,3,2,2,2,1,2,2,2,2,2,0,0,2,0,3,1,0,4,1,2,1,1,1,1,0,1,1,0,4,0,0,0,1,1,2,0,0,0,0,6,4,0,1,1,1,1,1,1,1,1,0,6,9
rpmc,1000,3,2,peroxisome,340,2941,299,5,7,4,1,5,0,0,1,1,0,1,4,1,3,2,2,3,3,2,1,1,0,0,1,0,0,1,0,1,0,0,0,2,0,0,1,0,0,0,0,0,0,0,0,0,0,0,0,0,1,0,0,0,1,0,1,0,1,1,0,0,1,0,0,1,1,1,1,2,0,3,3,0,1,1,2,0,1,3,1,1,0,0,1,3,2,1,0,0,0,0,1,1,0,0,0,0,0,0
rpmc,1000,3,2,peroxisome,341,13487,334,21,22,19,10,2,1,1,1,5,2,4,6,2,1,3,0,4,3,4,0,0,0,1,0,2,1,0,0,1,1,0,0,0,0,0,0,0,0,1,1,0,2,1,0,1,1,2,2,2,5,1,1,2,0,1,2,0,1,1,1,0,0,1,0,1,0,1,1,3,2,2,1,0,0,2,1,5,0,1,3,1,2,2,2,2,4,5,1,1,0,0,2,3,8,0,1,2,4,30
rpmc,1000,3,2,peroxisome,342,11497,718,38,29,27,15,14,4,1,2,3,0,4,7,8,1,9,8,7,8,1,5,2,3,3,3,3,0,0,1,1,0,2,2,2,2,0,1,2,4,2,2,3,2,7,2,3,2,1,4,1,0,5,2,7,1,7,5,5,3,5,4,4,3,1,5,5,2,10,1,4,5,2,2,2,1,1,2,3,1,6,5,3,2,2,4,3,7,8,7,0,4,4,2,5,2,5,3,2,7,9
rpmc,1000,3,2,peroxisome,343,4336,69,0,0,4,1,0,0,0,1,1,0,6,4,0,0,3,1,0,1,0,0,0,0,0,0,0,0,0,0,0,0,0,0,0,0,0,0,0,0,0,0,0,0,0,0,0,0,0,0,0,1,0,1,0,0,1,0,0,1,0,0,0,0,0,0,0,0,1,0,0,1,1,0,0,0,0,0,0,0,0,1,0,0,0,0,0,0,0,1,0,0,0,0,0,0,0,0,0,0,4
rpmc,1000,3,2,peroxisome,344,8835,9,0,0,2,0,0,0,0,0,0,0,7,8,2,1,1,0,1,0,0,0,0,0,0,0,0,0,0,0,0,0,0,0,0,0,1,0,0,0,0,0,1,0,0,0,1,0,0,1,0,0,1,0,0,0,0,0,0,0,1,0,0,0,0,1,1,2,0,0,0,0,0,0,0,0,0,0,2,2,0,0,0,0,0,0,0,0,0,0,0,0,0,0,0,0,0,0,0,0,0
rpmc,1000,3,2,peroxisome,345,9433,356,15,20,20,9,8,3,3,1,1,0,2,13,1,5,2,3,8,5,4,3,1,1,1,0,0,2,0,0,0,0,0,1,1,0,0,1,0,0,0,0,0,0,1,0,4,1,2,1,2,4,2,3,0,3,2,2,3,2,2,0,3,2,3,1,5,1,1,4,3,3,2,2,0,1,3,1,3,1,2,1,3,3,4,3,6,4,2,0,1,1,4,1,2,2,2,0,1,9,17
rpmc,1000,3,2,peroxisome,346,7931,228,19,18,13,2,2,2,0,0,1,0,4,4,3,0,3,0,0,0,0,1,0,0,0,1,0,1,0,1,0,1,1,0,0,1,0,0,2,0,0,2,6,0,0,4,2,1,3,3,2,2,2,1,1,0,1,1,2,0,1,0,0,1,1,2,1,0,1,2,0,1,1,0,3,1,0,1,1,1,2,0,1,1,2,1,5,5,3,0,0,1,0,2,2,1,1,1,3,3,1
rpmc,1000,3,2,peroxisome,347,11318,374,17,18,11,11,9,2,0,0,2,1,14,9,13,6,4,5,6,1,1,2,0,0,0,1,1,0,0,0,0,0,1,0,1,0,0,0,1,0,2,0,2,3,1,3,0,1,1,4,3,0,3,6,0,1,0,1,5,0,2,3,2,2,2,1,2,3,3,3,1,0,2,3,1,0,0,1,4,6,2,3,1,2,0,0,0,0,0,2,2,3,2,4,1,1,1,1,0,12,8
rpmc,1000,3,2,peroxisome,349,9336,464,24,21,14,4,1,0,0,1,1,1,8,12,10,5,4,0,4,2,1,5,0,1,0,0,1,0,0,1,0,0,3,0,0,0,0,0,0,2,3,0,1,3,4,1,2,0,3,1,2,0,1,5,1,1,2,3,2,0,4,0,2,1,3,2,6,0,4,0,2,0,10,3,1,1,0,2,1,1,2,1,2,1,5,2,1,1,2,2,2,3,2,2,1,5,3,4,2,9,8
rpmc,1000,3,2,peroxisome,350,2039,33,0,0,0,0,0,0,0,0,0,0,0,0,0,0,0,0,0,0,0,0,0,0,0,0,0,0,0,0,0,0,0,0,0,0,0,0,0,0,0,0,0,0,0,0,0,0,0,0,0,0,0,0,0,0,0,0,0,0,0,0,0,0,0,0,0,0,0,0,0,0,0,0,0,0,0,0,0,0,0,0,0,0,0,0,0,0,0,0,0,0,0,0,0,0,0,0,0,0,0
rpmc,1000,3,2,peroxisome,351,11866,475,15,24,25,9,11,4,2,0,3,0,3,6,6,1,7,12,7,7,4,5,6,3,3,2,0,1,1,0,0,0,0,3,0,0,0,1,0,1,2,2,3,1,2,1,1,4,3,2,1,2,4,6,6,6,5,5,7,7,4,6,0,2,2,4,1,2,5,1,1,1,4,2,3,0,1,1,1,2,2,2,6,1,3,2,1,1,0,3,2,2,0,2,0,0,0,1,0,0,0
rpmc,1000,3,2,peroxisome,352,9661,228,3,7,6,6,5,5,2,4,5,5,11,6,5,2,3,1,0,3,2,0,0,1,0,0,0,1,0,2,1,0,0,0,1,0,0,0,3,1,0,0,0,0,0,0,0,0,0,0,0,0,0,1,1,1,0,1,0,0,0,0,0,1,0,1,1,1,1,0,0,2,1,0,0,0,0,0,0,0,0,0,1,1,0,0,2,1,6,3,1,0,0,2,2,2,0,0,0,3,48
rpmc,1000,3,2,peroxisome,353,12090,308,27,23,14,14,5,4,0,0,2,2,5,8,4,2,4,1,7,0,2,2,2,1,3,2,2,0,0,1,0,0,1,0,0,0,0,0,0,0,0,0,0,0,1,0,0,0,0,2,1,1,0,2,0,1,1,2,1,2,2,4,4,3,3,1,0,1,2,1,3,5,1,0,1,1,1,0,1,1,0,0,2,2,2,2,1,1,0,2,2,1,2,5,1,2,1,1,3,4,35
